Age,Experience_Years,Monthly_Income,Education,Department,City,Job_Level,Satisfaction_Score,Weekly_Work_Hours,Attrition
38.0,16.0,85184.0,Master,IT,Delhi,Junior,4.2,42.5,0
26.0,2.0,26808.0,Diploma,Marketing,Kolkata,Mid,6.5,34.9,0
25.0,2.0,29918.0,Diploma,Marketing,Hyderabad,Junior,7.0,35.4,1
34.0,11.0,63178.0,Master,Finance,Hyderabad,Junior,5.2,35.1,0
38.0,14.0,85081.0,Master,Finance,Mumbai,Mid,6.6,44.5,0
31.0,10.0,66581.0,Master,Operations,Bengaluru,Mid,3.6,52.3,0
22.0,1.0,38416.0,Bachelor,,Bengaluru,Senior,9.0,48.8,0
21.0,0.0,31258.0,PhD,Marketing,Mumbai,Junior,5.3,32.5,0
21.0,0.0,31634.0,Master,HR,Mumbai,Mid,10.0,49.1,1
20.0,0.0,27113.0,Bachelor,IT,Mumbai,Mid,6.4,46.7,0
32.0,9.0,64273.0,Bachelor,Finance,Hyderabad,Mid,8.4,34.3,1
39.0,16.0,95967.0,PhD,Operations,Kolkata,Mid,6.4,40.5,0
,9.0,69794.0,Bachelor,Marketing,Hyderabad,Mid,6.4,47.5,1
20.0,3.0,69589.0,Bachelor,Marketing,Hyderabad,Lead,5.4,44.8,0
30.0,4.0,33647.0,Bachelor,Marketing,Hyderabad,Junior,6.7,35.5,0
30.0,10.0,67255.0,Bachelor,Marketing,Delhi,Junior,7.1,45.1,1
46.0,18.0,93779.0,Bachelor,Finance,Hyderabad,Mid,5.1,31.3,1
21.0,-0.0,38482.0,Master,IT,Delhi,Senior,6.3,40.9,0
28.0,11.0,76835.0,Bachelor,Operations,Bengaluru,Junior,5.4,47.7,0
43.0,22.0,124040.0,PhD,Finance,Bengaluru,Mid,10.0,42.1,1
34.0,13.0,108216.0,PhD,Finance,Mumbai,Senior,6.3,39.5,1
35.0,11.0,80331.0,Bachelor,HR,Delhi,Senior,9.3,46.4,1
32.0,10.0,98522.0,Bachelor,IT,Delhi,Lead,6.1,46.9,0
33.0,10.0,71749.0,Master,Operations,Hyderabad,Mid,7.0,48.6,0
36.0,12.0,80298.0,Bachelor,Marketing,Mumbai,Mid,4.1,46.4,1
25.0,2.0,30200.0,Bachelor,Marketing,Mumbai,Junior,5.7,47.4,0
37.0,16.0,124750.0,Diploma,Finance,Hyderabad,Lead,6.9,45.7,1
21.0,0.0,32936.0,Diploma,Operations,Delhi,Mid,9.4,43.3,1
33.0,9.0,87144.0,Master,Finance,Hyderabad,Senior,6.9,42.4,0
32.0,6.0,53984.0,Bachelor,Finance,Hyderabad,Mid,9.0,40.8,1
27.0,6.0,59707.0,Master,Finance,Bengaluru,Mid,7.7,35.9,0
31.0,11.0,71588.0,Master,HR,Delhi,Mid,9.4,37.2,0
27.0,6.0,59362.0,Bachelor,IT,Delhi,Mid,6.4,40.6,0
23.0,4.0,49666.0,Master,Finance,Mumbai,Senior,10.0,43.2,0
29.0,7.0,66135.0,Bachelor,Operations,Bengaluru,Mid,5.6,49.2,1
23.0,2.0,51474.0,,IT,Delhi,Mid,5.1,41.8,1
33.0,12.0,75145.0,Master,Operations,Bengaluru,Junior,4.3,47.0,1
23.0,1.0,16152.0,Bachelor,Operations,Delhi,Mid,10.0,47.4,0
36.0,12.0,77163.0,Bachelor,HR,Bengaluru,Mid,8.0,40.8,0
23.0,8.0,66623.0,PhD,Marketing,Delhi,Junior,5.9,45.0,1
27.0,4.0,43872.0,Diploma,IT,Kolkata,Junior,8.7,40.8,1
27.0,3.0,42242.0,Master,Marketing,Delhi,Mid,7.7,48.6,0
40.0,19.0,,PhD,Marketing,Delhi,Mid,10.0,45.2,0
33.0,12.0,84391.0,Diploma,HR,Delhi,Mid,3.7,36.0,0
30.0,4.0,48524.0,Bachelor,IT,Hyderabad,Junior,6.0,42.8,0
34.0,15.0,95936.0,Bachelor,Operations,Delhi,Junior,5.7,50.2,0
20.0,0.0,32652.0,Bachelor,Finance,Bengaluru,Junior,2.9,41.1,0
31.0,6.0,66512.0,Bachelor,Operations,Bengaluru,Senior,8.4,44.2,0
45.0,27.0,164837.0,Master,Marketing,Bengaluru,Senior,6.0,44.7,0
32.0,12.0,73850.0,Bachelor,Marketing,Kolkata,Junior,7.8,36.8,1
31.0,5.0,45290.0,Master,Marketing,Hyderabad,Mid,10.0,44.6,0
35.0,18.0,114947.0,Bachelor,IT,Mumbai,Junior,5.9,35.0,1
37.0,17.0,100013.0,Bachelor,HR,Hyderabad,Junior,5.7,38.9,0
20.0,0.0,27634.0,Diploma,Finance,Mumbai,Junior,,47.4,0
20.0,3.0,36366.0,Bachelor,Finance,Hyderabad,Junior,8.3,43.8,0
32.0,10.0,67894.0,Bachelor,IT,Bengaluru,Mid,5.5,40.5,0
26.0,4.0,55077.0,Bachelor,Finance,Kolkata,Senior,5.4,44.2,0
40.0,16.0,104052.0,Master,IT,Hyderabad,Junior,8.4,41.7,0
29.0,9.0,71387.0,Master,Marketing,Kolkata,Mid,7.2,42.1,0
20.0,0.0,15020.0,Master,Marketing,Hyderabad,Mid,2.8,45.3,0
22.0,0.0,50493.0,Bachelor,Operations,Bengaluru,Lead,4.3,38.4,0
20.0,0.0,39476.0,Bachelor,Marketing,Delhi,Mid,9.2,42.2,1
29.0,7.0,52003.0,PhD,HR,Bengaluru,Junior,7.2,40.4,0
30.0,8.0,50397.0,Master,Operations,Delhi,Mid,5.1,34.1,0
28.0,2.0,44251.0,Master,Finance,Hyderabad,Junior,6.2,37.4,0
39.0,13.0,115277.0,Master,HR,Mumbai,Lead,6.5,49.8,0
39.0,19.0,112010.0,Master,Operations,Mumbai,Mid,7.8,43.9,0
30.0,0.0,24400.0,Bachelor,HR,Mumbai,Mid,4.1,35.4,0
20.0,0.0,29576.0,Bachelor,IT,Kolkata,Junior,5.0,34.3,0
35.0,12.0,77206.0,Master,Finance,Bengaluru,Mid,7.0,41.4,0
35.0,17.0,121538.0,Bachelor,Marketing,Hyderabad,Senior,6.3,49.8,0
33.0,10.0,75795.0,PhD,IT,Bengaluru,Mid,7.5,41.1,1
38.0,18.0,109713.0,Master,Finance,Mumbai,Mid,4.3,48.5,0
23.0,-0.0,53019.0,Master,IT,Delhi,Lead,7.1,43.8,0
45.0,23.0,139275.0,PhD,Marketing,Delhi,Senior,8.5,44.4,0
,4.0,47319.0,Master,Finance,Mumbai,Junior,7.4,35.3,0
36.0,13.0,79443.0,Diploma,HR,Hyderabad,Mid,6.8,46.7,0
20.0,1.0,20147.0,Master,HR,Bengaluru,Mid,6.3,40.3,0
24.0,0.0,31301.0,PhD,Finance,Hyderabad,Mid,5.0,46.3,0
42.0,21.0,,Bachelor,Marketing,Delhi,Junior,6.4,37.9,0
29.0,10.0,70362.0,Master,Operations,Delhi,Junior,8.8,42.9,0
37.0,17.0,116354.0,Master,Finance,Hyderabad,Senior,6.3,43.8,1
33.0,17.0,111256.0,Bachelor,IT,Delhi,Senior,4.9,41.2,0
30.0,6.0,69512.0,Bachelor,Operations,Delhi,Senior,5.6,44.0,0
41.0,15.0,119181.0,Diploma,Marketing,Bengaluru,Lead,6.9,40.7,0
29.0,4.0,51590.0,Master,Marketing,Hyderabad,Senior,5.8,38.8,0
20.0,-0.0,34817.0,Bachelor,IT,Kolkata,Senior,7.4,50.0,0
25.0,4.0,69144.0,Bachelor,HR,Delhi,Senior,7.4,47.2,0
35.0,13.0,73355.0,Bachelor,Marketing,Hyderabad,Mid,8.1,38.2,1
34.0,9.0,70999.0,Bachelor,Operations,Hyderabad,Mid,9.1,44.8,1
20.0,0.0,15000.0,Diploma,,Hyderabad,Junior,8.3,38.3,0
26.0,0.0,26242.0,,Operations,Hyderabad,Mid,4.8,36.1,0
27.0,8.0,54965.0,Bachelor,Operations,Mumbai,Junior,4.9,47.2,1
28.0,15.0,74905.0,Master,HR,Hyderabad,Junior,6.4,33.5,0
21.0,0.0,,Bachelor,Operations,Mumbai,Mid,5.7,46.6,0
27.0,7.0,55840.0,Bachelor,HR,Hyderabad,Mid,4.5,40.7,0
26.0,3.0,20806.0,Master,HR,Bengaluru,Junior,5.7,40.9,0
36.0,9.0,83377.0,Master,Marketing,Kolkata,Senior,5.6,44.0,0
37.0,13.0,105545.0,Diploma,Marketing,Kolkata,Senior,5.3,44.9,0
30.0,5.0,54931.0,Master,IT,Kolkata,Junior,5.9,37.9,0
28.0,2.0,33513.0,Master,Operations,Kolkata,Junior,8.6,45.6,0
32.0,15.0,89822.0,Master,IT,Kolkata,Junior,6.9,42.6,1
25.0,4.0,64297.0,Diploma,Operations,Kolkata,Senior,10.0,35.7,0
23.0,2.0,57777.0,Master,IT,Delhi,Senior,6.8,41.2,1
24.0,1.0,34435.0,Diploma,Marketing,Hyderabad,Junior,6.0,48.9,0
27.0,4.0,48409.0,Master,Marketing,Bengaluru,Senior,6.5,50.4,1
23.0,4.0,41409.0,PhD,,Mumbai,Junior,7.0,45.6,0
32.0,10.0,75077.0,Bachelor,Marketing,Bengaluru,Mid,7.3,36.0,1
36.0,16.0,111333.0,Master,Finance,Hyderabad,Lead,,44.5,0
20.0,0.0,25286.0,Bachelor,Marketing,Hyderabad,Junior,5.0,46.3,0
31.0,8.0,73911.0,Master,HR,Hyderabad,Junior,8.0,45.6,0
29.0,3.0,44980.0,Master,Marketing,Bengaluru,Mid,6.9,45.9,0
33.0,5.0,59814.0,Diploma,Finance,Kolkata,Mid,3.7,43.8,1
31.0,8.0,89280.0,Diploma,Finance,Mumbai,Lead,7.9,41.6,1
21.0,0.0,51487.0,Bachelor,Finance,Kolkata,Lead,8.8,39.0,0
22.0,0.0,24669.0,Master,Finance,Kolkata,Junior,5.0,32.5,0
31.0,9.0,56789.0,Master,IT,Mumbai,Junior,6.5,43.7,0
38.0,16.0,102254.0,,IT,Mumbai,Senior,3.4,42.9,0
20.0,0.0,30864.0,Bachelor,HR,Delhi,Junior,4.2,44.8,0
33.0,8.0,82606.0,Bachelor,IT,Delhi,Senior,8.4,35.3,1
39.0,18.0,101062.0,Master,Finance,Bengaluru,Mid,5.7,45.2,0
,9.0,69276.0,Master,Marketing,Bengaluru,Junior,4.5,52.3,0
35.0,10.0,81391.0,Diploma,Marketing,Delhi,Senior,6.9,42.4,0
26.0,4.0,42379.0,Master,Finance,Bengaluru,Junior,5.6,41.7,0
30.0,11.0,79722.0,Diploma,Operations,Kolkata,Mid,5.7,43.5,0
20.0,0.0,33960.0,Bachelor,Finance,Mumbai,Mid,7.8,52.2,0
20.0,0.0,27579.0,Master,IT,Mumbai,Mid,4.4,36.9,0
38.0,15.0,104371.0,Bachelor,Marketing,Mumbai,Mid,4.9,43.0,1
24.0,0.0,29166.0,Master,Finance,Bengaluru,Mid,6.8,38.0,0
28.0,7.0,87869.0,PhD,Marketing,Mumbai,Lead,8.2,39.3,1
21.0,-0.0,46167.0,Diploma,Finance,Kolkata,Lead,8.7,41.8,0
21.0,1.0,46611.0,PhD,Finance,Mumbai,Mid,5.3,48.7,0
30.0,8.0,61289.0,Bachelor,IT,Bengaluru,Junior,8.2,51.0,1
26.0,6.0,58991.0,Bachelor,Finance,Mumbai,Mid,5.1,44.2,1
34.0,12.0,94743.0,Bachelor,Marketing,Delhi,Lead,9.8,40.1,1
34.0,14.0,79241.0,Bachelor,HR,Kolkata,Junior,4.5,54.5,0
33.0,14.0,98665.0,Master,Marketing,Mumbai,Mid,8.9,39.9,1
33.0,9.0,69508.0,Master,IT,Mumbai,Mid,5.3,39.1,0
42.0,15.0,76104.0,Master,HR,Kolkata,Junior,10.0,33.1,1
24.0,7.0,65768.0,PhD,Finance,Hyderabad,Mid,7.6,49.0,0
31.0,10.0,68194.0,Master,Operations,Kolkata,Mid,4.7,46.8,0
39.0,12.0,100879.0,PhD,HR,Hyderabad,Senior,5.6,54.1,0
40.0,16.0,108385.0,Bachelor,HR,Hyderabad,Senior,7.9,35.1,1
21.0,1.0,42933.0,Bachelor,Finance,Bengaluru,Senior,8.4,49.3,0
29.0,6.0,62253.0,Master,Operations,Kolkata,Mid,6.4,42.4,1
41.0,17.0,92218.0,PhD,Operations,Mumbai,Junior,6.6,46.0,1
35.0,17.0,106550.0,Bachelor,IT,Bengaluru,Senior,7.9,33.8,1
32.0,7.0,,Master,HR,Bengaluru,Senior,6.7,49.3,0
29.0,5.0,55290.0,Master,Operations,Hyderabad,Mid,4.2,45.9,1
28.0,7.0,59184.0,Bachelor,IT,Hyderabad,Senior,5.0,41.8,0
33.0,12.0,64324.0,Bachelor,Operations,Bengaluru,Junior,6.9,45.2,0
29.0,8.0,78766.0,Diploma,HR,Kolkata,Senior,8.7,38.2,0
31.0,12.0,71779.0,Master,Operations,Mumbai,Junior,9.4,39.1,1
32.0,11.0,,Bachelor,HR,Hyderabad,Junior,7.9,39.7,1
26.0,5.0,36502.0,PhD,Finance,Bengaluru,Mid,7.0,32.7,0
35.0,12.0,71247.0,Bachelor,Marketing,Bengaluru,Junior,7.8,46.3,1
51.0,29.0,152447.0,PhD,IT,Kolkata,Junior,5.3,48.0,0
20.0,0.0,28513.0,Bachelor,Finance,Kolkata,Junior,6.2,38.5,0
33.0,12.0,75601.0,Master,Finance,Delhi,Mid,,43.7,0
26.0,6.0,75602.0,Bachelor,Marketing,Mumbai,Senior,4.3,40.7,1
35.0,15.0,84708.0,Bachelor,Operations,Delhi,Junior,7.1,43.6,0
31.0,9.0,62718.0,Diploma,Marketing,Kolkata,Mid,6.8,38.9,1
36.0,12.0,101762.0,Bachelor,Finance,Delhi,Senior,7.7,37.6,0
39.0,17.0,99980.0,Bachelor,Finance,Mumbai,Junior,7.5,47.3,1
32.0,10.0,63136.0,Bachelor,Finance,Bengaluru,Junior,6.9,41.7,0
39.0,18.0,116914.0,Master,,Kolkata,Senior,7.5,52.1,0
20.0,5.0,68972.0,PhD,HR,Bengaluru,Senior,6.4,42.2,1
,18.0,118263.0,Diploma,IT,Hyderabad,Mid,7.2,37.4,1
34.0,13.0,89782.0,Bachelor,HR,Hyderabad,Senior,5.2,48.1,0
39.0,20.0,111703.0,Bachelor,IT,Delhi,Junior,7.2,45.2,1
22.0,0.0,27631.0,Bachelor,IT,Hyderabad,Mid,7.7,45.6,1
25.0,10.0,75096.0,Master,IT,Kolkata,Senior,5.3,48.0,0
32.0,9.0,62110.0,Diploma,Marketing,Kolkata,Junior,6.6,38.7,0
31.0,10.0,82037.0,Master,Marketing,Delhi,Senior,5.4,41.4,1
33.0,9.0,75481.0,Master,Marketing,Kolkata,Mid,5.6,41.1,0
39.0,16.0,117452.0,Bachelor,Finance,Kolkata,Senior,4.5,35.5,1
20.0,0.0,24696.0,Diploma,Marketing,Bengaluru,Mid,8.8,40.7,0
38.0,19.0,111002.0,Master,IT,Delhi,Mid,8.4,48.7,1
31.0,10.0,71650.0,Bachelor,Operations,Bengaluru,Junior,7.5,43.2,0
30.0,12.0,,Bachelor,Finance,Hyderabad,Junior,,35.3,0
21.0,0.0,41120.0,Bachelor,Operations,Kolkata,Senior,6.2,34.2,1
35.0,12.0,75385.0,Bachelor,IT,Delhi,Junior,10.0,50.3,1
,6.0,42214.0,Bachelor,Finance,Hyderabad,Junior,6.1,41.5,0
36.0,15.0,82802.0,Master,Marketing,Hyderabad,Junior,7.0,38.8,0
21.0,0.0,32129.0,Master,Finance,Delhi,Junior,5.8,40.6,0
31.0,7.0,67405.0,Bachelor,Finance,Hyderabad,Senior,7.2,34.6,0
30.0,5.0,60982.0,Bachelor,IT,Bengaluru,Mid,8.0,49.1,0
39.0,20.0,138405.0,Diploma,HR,Bengaluru,Lead,6.3,40.0,0
30.0,7.0,55538.0,Master,HR,Bengaluru,Junior,9.7,48.8,0
26.0,4.0,61749.0,Master,HR,Kolkata,Mid,6.9,42.3,0
27.0,5.0,42098.0,Bachelor,Marketing,Hyderabad,Mid,7.0,49.1,0
40.0,20.0,103715.0,Diploma,Marketing,Kolkata,Mid,4.9,43.3,1
35.0,10.0,91006.0,Bachelor,Marketing,Hyderabad,Senior,7.3,46.3,0
28.0,3.0,59712.0,Bachelor,HR,Hyderabad,Lead,6.3,45.6,1
29.0,8.0,72855.0,Diploma,Operations,Delhi,Senior,5.4,45.1,1
20.0,-0.0,17899.0,Master,IT,Mumbai,Junior,5.1,43.7,0
,13.0,82377.0,Master,HR,Kolkata,Junior,10.0,40.8,1
20.0,0.0,20346.0,Master,IT,Bengaluru,Mid,6.0,51.6,1
36.0,16.0,92740.0,Master,HR,Delhi,Junior,3.9,37.5,1
32.0,8.0,76149.0,Bachelor,Operations,Delhi,Senior,5.2,42.0,0
48.0,24.0,127942.0,Bachelor,HR,Bengaluru,Mid,6.4,42.1,0
23.0,0.0,22099.0,Bachelor,Operations,Kolkata,Mid,7.5,44.0,1
30.0,12.0,88568.0,Bachelor,Finance,Delhi,Senior,7.5,39.9,1
44.0,24.0,124998.0,PhD,Marketing,Delhi,Mid,7.7,43.6,1
39.0,19.0,104542.0,Bachelor,Finance,Delhi,Junior,5.3,41.2,0
26.0,8.0,58832.0,Master,HR,Bengaluru,Junior,7.1,34.1,1
33.0,19.0,109703.0,Master,Marketing,Delhi,Mid,4.9,42.0,0
31.0,4.0,43100.0,Master,Operations,Bengaluru,Mid,5.4,36.5,0
33.0,9.0,62361.0,Bachelor,HR,Bengaluru,Junior,4.8,33.3,1
26.0,2.0,31410.0,,Marketing,Bengaluru,Mid,4.4,42.7,0
30.0,5.0,64337.0,Diploma,HR,Kolkata,Senior,8.4,44.4,0
20.0,0.0,47052.0,Master,Marketing,Bengaluru,Senior,7.7,44.6,0
32.0,9.0,64249.0,PhD,Marketing,Kolkata,Mid,8.3,44.8,0
34.0,8.0,66396.0,Diploma,Finance,Kolkata,Mid,6.6,32.3,0
29.0,8.0,56323.0,Master,Marketing,Hyderabad,Junior,7.9,35.2,0
20.0,0.0,,Bachelor,,Kolkata,Mid,3.3,51.9,0
38.0,17.0,109460.0,Master,IT,Bengaluru,Junior,8.1,36.8,0
34.0,14.0,93561.0,Bachelor,IT,Bengaluru,Mid,6.8,45.1,0
26.0,6.0,41586.0,Master,Finance,Mumbai,Mid,7.6,38.6,0
29.0,6.0,52178.0,Diploma,Operations,Bengaluru,Junior,7.2,42.4,0
20.0,4.0,48630.0,Master,IT,Delhi,Junior,4.7,38.8,1
24.0,3.0,33949.0,Bachelor,Finance,Hyderabad,Junior,3.8,44.8,1
27.0,0.0,43969.0,Bachelor,Marketing,Hyderabad,Senior,5.2,42.7,0
40.0,15.0,89669.0,Diploma,HR,Delhi,Mid,7.5,39.8,0
27.0,-0.0,15000.0,Bachelor,Marketing,Kolkata,Junior,7.7,36.7,1
35.0,13.0,96488.0,Bachelor,HR,Delhi,Senior,4.0,43.3,0
27.0,5.0,37205.0,Bachelor,Operations,Kolkata,Mid,4.7,35.9,1
33.0,10.0,70322.0,Bachelor,Finance,Delhi,Mid,5.2,44.1,0
30.0,14.0,124008.0,Master,Finance,Bengaluru,Lead,5.9,55.1,0
37.0,17.0,85132.0,Master,IT,Kolkata,Junior,4.0,48.8,1
27.0,7.0,44544.0,Bachelor,Finance,Kolkata,Junior,3.9,45.6,0
20.0,0.0,19776.0,Bachelor,Operations,Bengaluru,Mid,5.0,41.6,1
21.0,0.0,21557.0,Bachelor,IT,Hyderabad,Junior,6.7,32.3,0
27.0,5.0,46940.0,Bachelor,Marketing,Kolkata,Mid,4.4,35.4,1
22.0,1.0,36294.0,Bachelor,Finance,Mumbai,Junior,6.3,48.4,0
34.0,6.0,55680.0,Master,Marketing,Kolkata,Junior,8.4,38.1,0
28.0,5.0,47967.0,Bachelor,Marketing,Kolkata,Junior,4.2,38.5,1
48.0,26.0,145019.0,Bachelor,Finance,Mumbai,Mid,6.1,41.2,1
20.0,0.0,24753.0,Bachelor,HR,Kolkata,Junior,8.3,36.7,1
32.0,8.0,51966.0,Bachelor,Marketing,Hyderabad,Junior,5.7,35.9,0
23.0,0.0,43000.0,Bachelor,IT,Hyderabad,Senior,5.5,41.7,0
28.0,5.0,36716.0,Bachelor,Finance,Kolkata,Junior,8.6,37.5,0
32.0,10.0,77848.0,PhD,IT,Kolkata,Mid,5.9,38.3,0
20.0,-0.0,,Bachelor,Marketing,Mumbai,Junior,8.5,38.1,0
33.0,14.0,91476.0,Master,Marketing,Kolkata,Mid,7.3,44.6,0
44.0,21.0,115267.0,Master,IT,Mumbai,Junior,5.9,40.8,0
28.0,5.0,52302.0,Bachelor,Marketing,Bengaluru,Mid,7.4,41.1,0
33.0,12.0,55969.0,Bachelor,Finance,Mumbai,Junior,7.1,45.0,0
38.0,18.0,120116.0,,Marketing,Mumbai,Senior,8.3,41.3,0
30.0,7.0,67707.0,PhD,IT,Delhi,Senior,5.5,40.6,0
27.0,7.0,53146.0,Bachelor,IT,Hyderabad,Junior,6.6,44.4,1
20.0,1.0,31446.0,Bachelor,Finance,Delhi,Junior,6.4,45.3,1
35.0,17.0,97977.0,Bachelor,IT,Delhi,Junior,7.8,41.3,0
30.0,13.0,77519.0,Master,HR,Hyderabad,Mid,4.7,42.4,0
,0.0,21010.0,Master,Marketing,Bengaluru,Junior,8.3,38.1,0
32.0,10.0,82473.0,Bachelor,IT,Bengaluru,Senior,7.3,37.7,0
27.0,5.0,60305.0,Bachelor,Marketing,Kolkata,Senior,4.1,45.8,0
27.0,5.0,60633.0,Diploma,IT,Mumbai,Senior,8.7,44.2,0
35.0,11.0,83776.0,Bachelor,IT,Delhi,Mid,10.0,44.3,1
22.0,0.0,44398.0,Master,Finance,Kolkata,Lead,8.3,43.4,0
38.0,16.0,95230.0,Master,Marketing,Delhi,Junior,9.1,42.2,1
21.0,0.0,36030.0,Bachelor,IT,Bengaluru,Mid,6.7,45.5,0
26.0,4.0,27858.0,Bachelor,HR,Hyderabad,Junior,3.5,46.7,0
44.0,20.0,143258.0,Bachelor,Operations,Hyderabad,Lead,3.2,46.6,0
39.0,14.0,85902.0,Diploma,Operations,Mumbai,Mid,7.0,41.5,0
32.0,11.0,83905.0,Bachelor,Finance,Kolkata,Senior,5.4,48.9,0
24.0,2.0,24666.0,Bachelor,Finance,Kolkata,Junior,4.9,43.1,0
27.0,7.0,,Bachelor,HR,Bengaluru,Lead,6.4,45.2,0
32.0,17.0,116389.0,Bachelor,Marketing,Delhi,Mid,7.6,43.4,0
31.0,10.0,63149.0,Master,Finance,Mumbai,Mid,3.9,43.2,1
30.0,9.0,84313.0,Bachelor,HR,Kolkata,Lead,5.7,38.3,1
31.0,6.0,44886.0,Master,IT,Hyderabad,Mid,9.2,45.5,0
29.0,3.0,52592.0,Master,IT,Delhi,Mid,4.6,56.2,1
21.0,4.0,41764.0,PhD,Operations,Kolkata,Mid,8.1,40.1,0
27.0,2.0,30821.0,Bachelor,Finance,Hyderabad,Junior,5.6,42.4,0
37.0,12.0,73181.0,PhD,Finance,Hyderabad,Junior,7.5,39.8,0
21.0,0.0,15389.0,Master,Finance,Bengaluru,Junior,8.5,39.6,1
30.0,8.0,56354.0,Bachelor,Marketing,Delhi,Junior,7.8,49.7,0
25.0,0.0,54208.0,Master,IT,Mumbai,Senior,8.1,38.6,1
32.0,9.0,,PhD,IT,Hyderabad,Mid,4.4,39.6,0
28.0,10.0,66029.0,Bachelor,HR,Hyderabad,Mid,8.5,34.1,0
41.0,17.0,108033.0,Diploma,Finance,Kolkata,Mid,5.0,38.2,1
35.0,9.0,61679.0,Master,Marketing,Delhi,Mid,7.0,33.5,1
22.0,3.0,28065.0,Master,Finance,Delhi,Mid,7.0,45.2,1
36.0,15.0,111637.0,Diploma,Finance,Bengaluru,Senior,7.4,56.0,0
26.0,2.0,69121.0,Bachelor,Operations,Bengaluru,Lead,7.1,40.2,0
27.0,0.0,34322.0,PhD,IT,Delhi,Mid,5.0,33.7,1
33.0,9.0,59211.0,Bachelor,Finance,Kolkata,Junior,4.1,46.5,1
28.0,6.0,52833.0,Master,Finance,Bengaluru,Mid,8.1,38.4,0
37.0,18.0,113248.0,Master,Finance,Delhi,Mid,6.8,48.5,1
26.0,1.0,34240.0,Bachelor,Operations,Delhi,Mid,8.6,40.6,0
27.0,5.0,46745.0,Bachelor,HR,Bengaluru,Mid,6.4,38.8,0
26.0,6.0,42666.0,Bachelor,Operations,Kolkata,Mid,4.0,41.1,0
27.0,0.0,22797.0,Bachelor,HR,Hyderabad,Junior,8.2,45.8,0
39.0,20.0,119553.0,Bachelor,Finance,Bengaluru,Junior,5.8,40.9,0
35.0,9.0,59117.0,Bachelor,Finance,Mumbai,Mid,7.1,39.5,0
43.0,22.0,125471.0,Bachelor,Operations,Hyderabad,Junior,5.3,41.0,1
47.0,26.0,141321.0,Bachelor,Finance,Bengaluru,Junior,9.5,35.6,1
24.0,5.0,54751.0,Master,HR,Mumbai,Mid,4.9,44.0,0
31.0,11.0,82604.0,Master,IT,Bengaluru,Mid,5.9,33.1,1
23.0,0.0,17139.0,Master,HR,Delhi,Junior,6.7,39.8,0
26.0,2.0,24681.0,Bachelor,Operations,Mumbai,Mid,4.5,45.8,0
27.0,5.0,55765.0,Diploma,IT,Bengaluru,Senior,7.1,43.5,0
24.0,1.0,32724.0,Master,Operations,Hyderabad,Junior,9.4,45.0,1
24.0,3.0,46706.0,Bachelor,Finance,Kolkata,Senior,5.6,41.7,0
30.0,10.0,77142.0,Bachelor,IT,Kolkata,Senior,7.2,47.8,0
22.0,2.0,23251.0,Master,HR,Bengaluru,Mid,1.6,46.6,0
37.0,14.0,102269.0,Bachelor,Finance,Delhi,Mid,6.4,44.2,0
25.0,0.0,27780.0,Master,HR,Mumbai,Junior,5.9,46.6,0
51.0,28.0,180000.0,Diploma,IT,Hyderabad,Lead,5.0,45.8,0
28.0,7.0,65274.0,Bachelor,Marketing,Delhi,Mid,8.4,39.8,0
32.0,7.0,72537.0,Bachelor,Marketing,Hyderabad,Senior,5.9,35.3,1
22.0,2.0,34290.0,Diploma,IT,Kolkata,Mid,6.2,44.1,0
43.0,24.0,128854.0,Master,HR,Mumbai,Junior,5.8,44.7,0
39.0,17.0,95507.0,Bachelor,HR,Kolkata,Junior,3.0,47.5,1
33.0,2.0,54443.0,Diploma,Marketing,Hyderabad,Mid,4.5,37.3,0
22.0,0.0,30891.0,Diploma,Marketing,Delhi,Mid,8.2,37.5,1
32.0,16.0,90753.0,Master,Marketing,Delhi,Junior,2.7,44.3,1
23.0,0.0,40258.0,Master,Operations,Kolkata,Senior,5.1,41.6,0
41.0,13.0,88424.0,,Marketing,Hyderabad,Senior,,32.6,1
37.0,19.0,123032.0,Bachelor,HR,Delhi,Mid,9.6,43.9,0
32.0,10.0,67373.0,Master,IT,Kolkata,Mid,7.9,32.7,1
,1.0,30008.0,Bachelor,Marketing,Delhi,Junior,5.5,37.3,0
24.0,3.0,57962.0,Master,Operations,Kolkata,Senior,8.8,48.8,1
36.0,15.0,92193.0,PhD,Operations,Kolkata,Junior,5.2,51.1,0
39.0,18.0,118661.0,Bachelor,HR,Delhi,Senior,8.3,35.9,1
39.0,19.0,112576.0,Master,HR,Kolkata,Mid,4.1,40.4,0
20.0,5.0,49105.0,Bachelor,IT,Hyderabad,Mid,8.4,42.2,1
33.0,14.0,80963.0,PhD,IT,Hyderabad,Junior,5.8,50.9,1
38.0,11.0,68354.0,Bachelor,Finance,Delhi,Junior,4.6,39.5,0
20.0,0.0,47357.0,Master,Finance,Mumbai,Senior,6.1,39.6,0
31.0,12.0,80240.0,Master,HR,Mumbai,Mid,7.0,49.7,0
33.0,15.0,88999.0,Bachelor,HR,Bengaluru,Mid,5.6,40.1,1
29.0,6.0,75386.0,Master,Operations,Delhi,Lead,7.5,45.6,1
20.0,1.0,64203.0,Master,Finance,Hyderabad,Lead,5.5,34.6,0
29.0,10.0,86729.0,Master,Operations,Kolkata,Senior,7.6,41.1,0
29.0,15.0,93422.0,Master,Operations,Hyderabad,Junior,7.3,33.7,1
30.0,6.0,52197.0,Diploma,HR,Delhi,Mid,6.4,36.7,0
27.0,3.0,54514.0,Bachelor,HR,Delhi,Senior,5.7,46.2,0
28.0,5.0,44995.0,Master,Operations,Hyderabad,Mid,6.8,41.8,0
31.0,8.0,56183.0,Bachelor,Marketing,Mumbai,Junior,7.5,40.4,0
34.0,9.0,84289.0,Master,HR,Kolkata,Senior,10.0,38.3,1
29.0,0.0,33120.0,Master,Marketing,Hyderabad,Mid,8.2,40.9,1
28.0,5.0,42627.0,Bachelor,Finance,Delhi,Mid,8.3,43.5,0
32.0,11.0,95511.0,Bachelor,Operations,Delhi,Lead,,46.9,1
20.0,0.0,27761.0,Diploma,HR,Delhi,Mid,7.4,30.0,0
34.0,18.0,,Bachelor,Operations,Delhi,Mid,7.4,37.8,0
31.0,9.0,54091.0,Master,Operations,Delhi,Mid,7.8,42.8,0
31.0,13.0,87448.0,Bachelor,IT,Hyderabad,Mid,4.7,41.5,1
,17.0,88868.0,Diploma,IT,Kolkata,Junior,5.7,44.0,1
20.0,0.0,32560.0,Bachelor,Finance,Hyderabad,Senior,5.6,43.3,0
20.0,0.0,34449.0,Bachelor,IT,Hyderabad,Senior,7.7,40.5,0
33.0,15.0,86556.0,PhD,HR,Hyderabad,Junior,6.2,39.4,0
31.0,9.0,58763.0,Diploma,Finance,Mumbai,Junior,6.7,40.8,0
32.0,11.0,86550.0,Bachelor,Operations,Mumbai,Senior,8.5,47.7,0
28.0,7.0,49753.0,Master,Operations,Hyderabad,Junior,8.1,38.3,1
,13.0,75263.0,Master,IT,Mumbai,Mid,6.2,41.7,0
38.0,17.0,108959.0,PhD,Operations,Delhi,Mid,5.3,42.9,1
34.0,19.0,117770.0,Bachelor,IT,Kolkata,Mid,,49.8,0
29.0,6.0,54902.0,Master,Marketing,Hyderabad,Junior,7.9,40.5,1
20.0,0.0,16215.0,Master,Operations,Hyderabad,Mid,3.6,46.8,0
36.0,18.0,110092.0,Master,Operations,Hyderabad,Mid,5.9,48.2,0
40.0,21.0,126232.0,Master,HR,Delhi,Mid,6.8,41.7,0
36.0,14.0,77782.0,Master,Operations,Kolkata,Junior,7.9,40.9,1
,0.0,27064.0,Bachelor,IT,Hyderabad,Mid,8.1,40.4,1
36.0,16.0,98186.0,Diploma,Finance,Kolkata,Mid,7.0,40.7,0
37.0,8.0,70895.0,PhD,Finance,Hyderabad,Junior,7.6,46.3,1
42.0,24.0,143471.0,Master,HR,Hyderabad,Junior,,43.2,1
25.0,4.0,28350.0,Bachelor,IT,Bengaluru,Junior,5.3,43.2,0
29.0,10.0,84457.0,Bachelor,Marketing,Delhi,Junior,6.0,36.4,1
36.0,11.0,65093.0,Master,HR,Bengaluru,Junior,6.5,37.2,0
31.0,4.0,76865.0,Bachelor,Marketing,Mumbai,Lead,6.4,52.7,0
23.0,2.0,42793.0,Diploma,Finance,Delhi,Mid,3.1,41.1,0
34.0,12.0,84030.0,Bachelor,HR,Delhi,Senior,5.8,38.1,1
35.0,12.0,109453.0,Master,Operations,Kolkata,Lead,6.6,49.2,1
32.0,10.0,66247.0,Diploma,IT,Bengaluru,Junior,6.0,43.4,1
33.0,19.0,116380.0,Bachelor,Marketing,Bengaluru,Mid,6.1,44.9,1
,10.0,83615.0,Bachelor,Marketing,Kolkata,Senior,7.4,41.3,0
41.0,22.0,134374.0,Master,HR,Bengaluru,Mid,4.6,40.4,0
25.0,6.0,54528.0,Master,HR,Kolkata,Mid,3.6,41.2,0
27.0,9.0,66325.0,Bachelor,IT,Delhi,Mid,5.9,35.1,0
31.0,8.0,65672.0,Master,Operations,Hyderabad,Junior,7.9,41.6,0
37.0,9.0,71563.0,Diploma,Operations,Bengaluru,Mid,9.5,43.5,0
21.0,0.0,57123.0,Master,HR,Delhi,Lead,7.9,51.3,1
22.0,2.0,56348.0,Bachelor,IT,Hyderabad,Lead,3.9,42.4,0
20.0,0.0,15000.0,Bachelor,IT,Kolkata,Junior,6.1,30.3,0
31.0,8.0,59026.0,Bachelor,IT,Delhi,Mid,7.0,41.5,1
23.0,0.0,17654.0,Bachelor,Operations,Delhi,Junior,6.8,55.7,0
28.0,11.0,92003.0,Bachelor,Operations,Delhi,Senior,7.5,46.3,0
36.0,16.0,100832.0,Master,IT,Mumbai,Junior,4.8,37.9,0
27.0,7.0,82414.0,Bachelor,Marketing,Delhi,Lead,6.6,45.0,1
33.0,13.0,105516.0,Diploma,IT,Kolkata,Senior,7.3,38.3,1
29.0,7.0,63079.0,Bachelor,HR,Bengaluru,Junior,8.0,35.2,1
36.0,15.0,91204.0,Bachelor,Finance,Hyderabad,Junior,5.0,40.3,0
34.0,8.0,67247.0,Master,Marketing,Kolkata,Senior,5.9,42.5,0
26.0,0.0,33028.0,Diploma,Operations,Kolkata,Junior,1.6,32.6,1
30.0,8.0,62573.0,Bachelor,IT,Bengaluru,Mid,5.4,36.3,0
38.0,17.0,114383.0,Bachelor,IT,Delhi,Senior,5.6,42.1,0
34.0,16.0,96623.0,Bachelor,HR,Delhi,Mid,4.7,40.0,0
21.0,4.0,38771.0,Master,HR,Kolkata,Mid,6.8,44.0,0
36.0,19.0,102220.0,Master,Operations,Delhi,Mid,6.4,35.9,0
23.0,0.0,26430.0,Bachelor,Marketing,Delhi,Junior,2.4,45.6,0
41.0,18.0,127516.0,Bachelor,HR,Mumbai,Lead,6.9,36.1,1
38.0,17.0,119917.0,Master,Operations,Hyderabad,Junior,4.8,50.2,0
33.0,19.0,,Diploma,Finance,Bengaluru,Junior,7.4,33.4,1
32.0,14.0,76198.0,Master,Finance,Kolkata,Junior,4.2,36.5,0
30.0,11.0,105071.0,Master,Finance,Bengaluru,Lead,6.6,44.1,1
36.0,13.0,91205.0,Bachelor,IT,Delhi,Junior,6.0,50.3,0
28.0,3.0,50952.0,Bachelor,Operations,Mumbai,Senior,7.0,43.6,0
33.0,13.0,,Bachelor,IT,Delhi,Mid,6.7,44.8,0
37.0,12.0,78095.0,Master,IT,Kolkata,Senior,6.0,42.1,1
27.0,4.0,65257.0,PhD,HR,Delhi,Lead,3.7,36.9,1
27.0,5.0,51985.0,Diploma,HR,Mumbai,Senior,3.8,39.5,1
23.0,6.0,65735.0,Diploma,IT,Hyderabad,Lead,5.4,35.9,0
24.0,1.0,27319.0,Diploma,IT,Bengaluru,Junior,6.5,35.6,0
20.0,0.0,21300.0,Diploma,Marketing,Bengaluru,Senior,5.4,44.0,0
36.0,16.0,89745.0,Bachelor,Operations,Bengaluru,Mid,7.6,36.4,0
44.0,20.0,,Bachelor,IT,Kolkata,Mid,6.0,43.6,1
41.0,19.0,116681.0,Bachelor,HR,Mumbai,Senior,4.8,35.5,0
20.0,0.0,54775.0,Master,Finance,Kolkata,Lead,6.0,43.5,1
36.0,13.0,,Bachelor,Operations,Hyderabad,Mid,6.9,39.6,0
41.0,21.0,127757.0,PhD,Marketing,Bengaluru,Mid,7.1,49.0,0
,1.0,36767.0,Master,Marketing,Bengaluru,Mid,9.9,43.6,0
32.0,8.0,70986.0,Master,Finance,Delhi,Mid,5.3,48.2,0
20.0,0.0,26987.0,Bachelor,Finance,Mumbai,Mid,6.4,38.2,0
33.0,9.0,69624.0,,IT,Hyderabad,Mid,,42.3,0
24.0,0.0,25581.0,Bachelor,Operations,Bengaluru,Junior,6.5,37.1,0
32.0,12.0,76992.0,PhD,Operations,Mumbai,Junior,5.6,39.9,0
20.0,1.0,,Master,IT,Bengaluru,Senior,3.7,40.7,0
35.0,13.0,83173.0,Master,,Bengaluru,Mid,5.6,38.4,1
38.0,10.0,91277.0,Bachelor,IT,Bengaluru,Lead,4.6,35.9,0
26.0,6.0,56951.0,Bachelor,Marketing,Kolkata,Mid,3.4,34.9,0
23.0,0.0,21342.0,Bachelor,Operations,Mumbai,Junior,5.1,30.3,0
20.0,0.0,17358.0,Master,IT,Kolkata,Junior,4.6,36.7,1
29.0,4.0,35364.0,Master,Finance,Bengaluru,Junior,7.6,45.1,0
27.0,2.0,52527.0,Bachelor,IT,Hyderabad,Lead,7.6,34.0,0
20.0,0.0,28852.0,Diploma,Finance,Delhi,Junior,4.9,35.2,0
34.0,11.0,77050.0,Bachelor,Operations,Delhi,Mid,6.0,51.0,0
28.0,4.0,63960.0,Diploma,IT,Bengaluru,Lead,3.2,38.8,0
23.0,3.0,71160.0,Bachelor,HR,Bengaluru,Lead,5.6,43.6,1
27.0,4.0,36077.0,,Operations,Kolkata,Junior,7.2,45.2,0
38.0,19.0,97654.0,PhD,HR,Bengaluru,Junior,8.0,45.3,1
35.0,14.0,92149.0,Bachelor,IT,Hyderabad,Junior,5.2,34.4,0
30.0,6.0,45240.0,Bachelor,Finance,Bengaluru,Junior,8.4,40.8,0
35.0,10.0,64138.0,Bachelor,Finance,Delhi,Junior,,33.9,0
23.0,0.0,27288.0,Bachelor,Marketing,Delhi,Mid,4.3,54.2,0
31.0,10.0,,Master,HR,Hyderabad,Senior,7.8,34.0,1
32.0,9.0,67640.0,PhD,Operations,Delhi,Mid,9.5,36.8,1
28.0,0.0,18606.0,PhD,Finance,Hyderabad,Mid,7.4,36.8,0
34.0,10.0,70807.0,Bachelor,HR,Mumbai,Junior,6.4,34.5,0
26.0,1.0,38105.0,,Operations,Delhi,Senior,2.5,48.8,0
35.0,18.0,121215.0,Bachelor,Operations,Mumbai,Mid,2.9,54.1,0
35.0,8.0,72992.0,Bachelor,Finance,Kolkata,Senior,6.7,39.6,0
20.0,0.0,36355.0,Bachelor,IT,Bengaluru,Lead,5.9,35.4,1
39.0,20.0,114502.0,Diploma,Finance,Kolkata,Junior,4.5,30.8,0
20.0,2.0,44612.0,Diploma,Finance,Kolkata,Junior,6.6,40.8,0
27.0,3.0,46531.0,Master,,Bengaluru,Junior,6.7,40.4,0
38.0,14.0,102817.0,Master,Marketing,Kolkata,Mid,8.2,38.7,0
29.0,9.0,,Master,Operations,Hyderabad,Lead,6.7,43.1,0
21.0,0.0,33385.0,Master,IT,Bengaluru,Mid,8.7,44.0,1
23.0,0.0,31946.0,Master,Marketing,Delhi,Senior,6.5,43.6,1
38.0,15.0,96070.0,Bachelor,IT,Bengaluru,Mid,6.3,40.4,1
20.0,3.0,26589.0,Bachelor,Marketing,Hyderabad,Junior,8.4,36.5,0
39.0,16.0,89489.0,Bachelor,Finance,Mumbai,Junior,4.7,45.3,0
31.0,9.0,62766.0,Diploma,IT,Hyderabad,Mid,,42.1,0
23.0,4.0,51290.0,Master,Operations,Bengaluru,Mid,7.2,46.4,1
27.0,11.0,82105.0,Diploma,IT,Kolkata,Mid,7.2,46.0,1
24.0,0.0,23938.0,Bachelor,Finance,Mumbai,Junior,7.4,34.9,0
37.0,15.0,85047.0,Master,IT,Hyderabad,Mid,9.9,34.8,0
36.0,19.0,105319.0,Bachelor,Operations,Delhi,Junior,7.9,38.2,0
20.0,0.0,46777.0,Bachelor,Marketing,Mumbai,Lead,3.6,36.7,0
28.0,9.0,68588.0,Bachelor,Operations,Bengaluru,Junior,9.0,45.8,0
25.0,-0.0,30247.0,Bachelor,Finance,Bengaluru,Junior,5.9,43.8,0
40.0,18.0,115395.0,Diploma,Finance,Bengaluru,Mid,6.7,47.5,0
22.0,0.0,21713.0,Bachelor,Marketing,Delhi,Mid,4.2,44.0,0
42.0,17.0,84323.0,Master,Marketing,Mumbai,Mid,7.4,43.0,0
31.0,6.0,41631.0,Master,Operations,Delhi,Mid,5.3,48.0,0
23.0,2.0,70951.0,Bachelor,IT,Bengaluru,Lead,6.7,44.3,1
26.0,7.0,55691.0,Master,Marketing,Mumbai,Mid,6.0,42.3,0
25.0,3.0,35245.0,Bachelor,IT,Bengaluru,Mid,10.0,49.4,0
22.0,0.0,38499.0,Diploma,HR,Bengaluru,Mid,10.0,42.6,0
32.0,12.0,84856.0,PhD,Operations,Kolkata,Junior,6.6,40.5,1
22.0,0.0,27171.0,Master,,Bengaluru,Mid,6.6,37.8,0
20.0,0.0,19946.0,Master,Marketing,Kolkata,Junior,5.8,45.5,0
28.0,8.0,62075.0,Bachelor,Finance,Bengaluru,Mid,8.5,48.2,1
20.0,6.0,50590.0,Diploma,HR,Kolkata,Junior,5.9,41.7,0
26.0,3.0,76700.0,Bachelor,HR,Kolkata,Lead,5.7,48.5,1
25.0,2.0,38957.0,Bachelor,Finance,Mumbai,Mid,8.3,32.1,1
25.0,5.0,64582.0,Bachelor,Marketing,Mumbai,Senior,5.5,41.7,0
45.0,25.0,147685.0,Master,Marketing,Kolkata,Mid,6.4,41.8,0
31.0,7.0,45312.0,Master,Operations,Mumbai,Junior,,38.4,0
33.0,10.0,87284.0,Master,Operations,Bengaluru,Senior,7.8,53.9,1
20.0,-0.0,24938.0,Master,Marketing,Delhi,Mid,10.0,41.7,0
26.0,2.0,28387.0,Bachelor,Marketing,Bengaluru,Senior,7.8,40.0,1
,10.0,57103.0,,HR,Bengaluru,Mid,9.1,42.1,0
24.0,2.0,28873.0,Bachelor,Finance,Kolkata,Mid,5.0,32.0,0
37.0,18.0,121719.0,Master,IT,Bengaluru,Senior,6.9,38.2,1
23.0,0.0,27797.0,Bachelor,HR,Mumbai,Mid,4.8,46.9,0
,1.0,27791.0,Diploma,Operations,Hyderabad,Junior,6.1,38.9,1
27.0,0.0,40657.0,Bachelor,Finance,Bengaluru,Mid,7.9,37.9,0
36.0,18.0,110092.0,Master,Operations,Hyderabad,Mid,5.9,48.2,0
23.0,-0.0,53019.0,Master,IT,Delhi,Lead,7.1,43.8,0
35.0,12.0,109453.0,Master,Operations,Kolkata,Lead,6.6,49.2,1
35.0,12.0,71247.0,Bachelor,Marketing,Bengaluru,Junior,7.8,46.3,1
24.0,1.0,34435.0,Diploma,Marketing,Hyderabad,Junior,6.0,48.9,0
34.0,8.0,67247.0,Master,Marketing,Kolkata,Senior,5.9,42.5,0
,10.0,83615.0,Bachelor,Marketing,Kolkata,Senior,7.4,41.3,0
30.0,11.0,79722.0,Diploma,Operations,Kolkata,Mid,5.7,43.5,0
