Age,Experience_Years,Monthly_Income,Satisfaction_Score,Weekly_Work_Hours,Education_Bachelor,Education_Diploma,Education_Master,Education_PhD,Department_Finance,Department_HR,Department_IT,Department_Marketing,Department_Operations,City_Bengaluru,City_Delhi,City_Hyderabad,City_Kolkata,City_Mumbai,Job_Level_Junior,Job_Level_Lead,Job_Level_Mid,Job_Level_Senior,Attrition
-1.4893860223605797,-0.6100432637803296,-0.5631921455417903,-1.037690430485776,-0.610580623514171,0,0,1,0,0,0,1,0,0,0,1,0,0,0,1,0,0,0,1
0.7961168252515634,0.8971667764428444,0.8714344567147685,-0.7352008719707561,-1.4855373873840148,1,0,0,0,0,0,1,0,0,0,0,1,0,0,1,0,0,0,0
1.5579511077889443,1.198608784487479,1.2638230788490046,1.2007323025253702,-0.03390457459995445,0,0,1,0,0,0,1,0,0,0,0,1,0,0,1,0,0,0,0
-1.4893860223605797,-1.2129272798695991,-1.0306762294269958,0.7772469206043425,-0.2725291465644579,1,0,0,0,0,0,1,0,0,0,0,1,0,0,0,0,0,1,0
0.49138311223661096,0.2942827603535748,0.19893778431802686,0.35376153868331484,1.3381867141959372,0,0,1,0,0,0,0,0,1,0,0,1,0,0,0,0,1,0,0
-1.032285452838151,-1.2129272798695991,-1.2950267596205973,-2.429142399654867,0.7416252842846798,1,0,0,0,0,0,0,1,0,0,1,0,0,0,1,0,0,0,0
0.9484836817590396,0.5957247683982095,1.1883320308201546,0.7772469206043425,-0.8492051954786731,1,0,0,0,1,0,0,0,0,0,1,0,0,0,0,0,0,1,0
1.253217394773992,1.0478877804651616,1.000692273012201,-0.0697238432377129,-0.29241452756150016,1,0,0,0,0,0,1,0,0,1,0,0,0,0,0,0,1,0,1
0.18664939922165857,-0.00715924769105999,-0.22048256680470568,0.35376153868331484,-0.07367533659403884,1,0,0,0,0,0,1,0,0,0,1,0,0,0,0,0,1,0,1
-0.8799185963306748,-1.0622062758472817,-1.2657204095342884,0.0512719801682951,-1.2469128154195113,0,1,0,0,0,0,1,0,0,1,0,0,0,0,1,0,0,0,0
2.015051677311373,2.1029348086213835,1.9699116193424266,-0.6747029602677523,-0.1731022415792484,1,0,0,0,0,0,0,0,1,0,0,1,0,0,1,0,0,0,1
-1.4893860223605797,-1.2129272798695991,-1.5087752117686597,-0.37221340175273265,0.7217399032876376,0,0,1,0,0,0,0,1,0,0,0,0,1,0,1,0,0,0,0
-0.27045117030077004,1.0478877804651616,0.3029769754005816,-0.009225931534708631,-1.6645058163573918,0,0,1,0,0,1,0,0,0,0,0,1,0,0,1,0,0,0,0
0.49138311223661096,1.0478877804651616,0.6870582856993285,-0.13022175494071664,-0.4912683375319193,0,0,0,1,0,1,0,0,0,0,0,1,0,0,1,0,0,0,0
1.7103179642964206,2.1029348086213835,2.263403672006554,-1.0981883421887801,-0.29241452756150016,0,0,1,0,0,1,0,0,0,1,0,0,0,0,0,0,1,0,0
-0.5751848833157225,-0.30860125573569475,-0.28888602735486446,-1.8241632826248273,-1.3861104823988053,1,0,0,0,0,0,0,1,0,0,0,0,1,0,0,0,1,0,0
-0.8799185963306748,-1.2129272798695991,-1.204833088263858,0.23276571527730683,-0.7696636714905057,0,0,1,0,1,0,0,0,0,1,0,0,0,0,0,0,1,0,0
0.3390162557291348,0.1435617563312574,-0.0483036393572458,1.1402343908223667,0.5825422363083437,0,0,0,1,0,0,0,1,0,0,0,0,1,0,0,0,1,0,0
-1.4893860223605797,-1.2129272798695991,-1.0929481026700079,-0.49320922515874066,0.284261521352715,1,0,0,0,1,0,0,0,0,0,0,1,0,0,0,0,0,1,0
-1.3370191658531034,-1.2129272798695991,-1.6589991007937555,1.261230214228374,-0.45149757553783487,0,0,1,0,1,0,0,0,0,1,0,0,0,0,1,0,0,0,1
1.4055842512814682,1.8014928005767488,1.5160422965209395,0.47475736208932284,0.6620837602965125,1,0,0,0,0,0,1,0,0,0,1,0,0,0,1,0,0,0,1
0.6437499687440872,0.5957247683982095,0.6037873742054967,-0.37221340175273265,-0.7497782904934636,1,0,0,0,0,1,0,0,0,0,1,0,0,0,0,0,0,1,1
-0.27045117030077004,-0.45932225975801216,-0.7610841810514786,1.1402343908223667,0.3240322833467994,1,0,0,0,1,0,0,0,0,0,1,0,0,0,0,0,1,0,0
-1.1846523093456274,-1.0622062758472817,-0.9698548392028787,-0.0697238432377129,1.2984159522018528,1,0,0,0,1,0,0,0,0,0,0,0,0,1,1,0,0,0,0
0.6437499687440872,1.5000507925321138,-0.049061846389849964,0.5957531854953309,-0.8094344334845901,1,0,0,0,0,0,0,0,1,0,1,0,0,0,0,0,1,0,0
0.7961168252515634,0.7464457724205269,0.5755359208602022,-0.49320922515874066,-0.6901221475023384,0,0,1,0,0,0,1,0,0,1,0,0,0,0,0,0,1,0,1
0.49138311223661096,0.1435617563312574,0.12888604761003294,-0.009225931534708631,0.08540771138229589,1,0,0,0,0,0,1,0,0,0,0,1,0,0,0,0,1,0,0
-0.8799185963306748,-0.7607642678026469,-0.6266178120952869,-0.49320922515874066,-0.03390457459995445,1,0,0,0,1,0,0,0,0,0,0,0,1,0,0,0,0,1,0
-1.4893860223605797,-1.2129272798695991,-1.276664963222314,-0.009225931534708631,-0.7298929094964214,1,0,0,0,1,0,0,0,0,0,0,0,0,1,0,0,1,0,0
1.4055842512814682,0.7464457724205269,1.633861076282996,0.0512719801682951,1.5768112861604393,0,0,1,0,0,1,0,0,0,0,0,0,0,1,0,1,0,0,0
0.9484836817590396,0.5957247683982095,0.480760041784681,-1.4006779007038,0.9007083322610145,1,0,0,0,0,0,0,1,0,0,0,0,0,1,0,0,1,0,1
-1.032285452838151,-1.2129272798695991,-1.2667423407521463,-1.279682077297792,2.4517680500302843,1,0,0,0,0,0,0,1,0,0,1,0,0,0,0,0,1,0,0
3.2339865293711827,3.007260832755288,3.767488631554286,-0.8561966953767641,0.7813960462787628,0,1,0,0,0,0,1,0,0,0,0,1,0,0,0,1,0,0,0
-0.27045117030077004,-0.9114852718249643,-1.0615319591016699,1.3217281259313778,0.7416252842846798,0,0,1,0,0,0,0,0,1,0,0,0,1,0,1,0,0,0,0
0.49138311223661096,-0.00715924769105999,0.5568444692303516,1.2007323025253702,-1.306568958410638,1,0,0,0,0,0,1,0,0,0,1,0,0,0,0,0,0,1,1
-0.27045117030077004,-0.45932225975801216,-0.5850482873946844,-1.3401799890007955,-0.6702367665052962,1,0,0,0,0,0,0,1,0,0,0,0,1,0,1,0,0,0,1
0.49138311223661096,0.5957247683982095,0.3108887009581903,-1.279682077297792,1.0200206182432663,0,0,1,0,0,0,0,0,1,1,0,0,0,0,1,0,0,0,1
-0.11808431379329384,-0.6100432637803296,-0.46561419699794937,-0.37221340175273265,-0.610580623514171,0,0,1,0,0,0,0,1,0,0,0,1,0,0,0,0,0,1,0
1.7103179642964206,1.6507717965544313,1.6801446707950072,-0.9771925187827721,-1.2667981964165536,1,0,0,0,0,1,0,0,0,0,0,0,0,1,0,0,0,1,0
0.034282542714182365,-0.6100432637803296,-0.5666864909964008,-0.25121757834672465,0.18483461636750545,1,0,0,0,0,0,1,0,0,0,0,1,0,0,1,0,0,0,0
0.6437499687440872,0.8971667764428444,0.9179817754120332,0.23276571527730683,0.6421983792994702,1,0,0,0,0,0,1,0,0,1,0,0,0,0,0,0,1,0,0
0.034282542714182365,0.4450037643758922,1.297414946945685,0.11176989187129883,0.44334456932905114,0,0,1,0,1,0,0,0,0,1,0,0,0,0,0,1,0,0,1
0.034282542714182365,1.3493297885097966,0.7632745752376259,-0.4327113134557364,0.42345918833200896,0,1,0,0,0,0,1,0,0,0,0,0,1,0,1,0,0,0,1
0.6437499687440872,1.0478877804651616,0.9962748929092029,-0.4327113134557364,1.656352810148608,1,0,0,0,0,0,0,0,1,0,1,0,0,0,1,0,0,0,0
1.4055842512814682,1.198608784487479,0.9972968241270607,-0.009225931534708631,-0.2725291465644579,0,0,0,1,0,0,0,0,1,0,0,0,1,0,0,0,1,0,0
0.034282542714182365,-0.6100432637803296,-1.0571145789986718,0.1722678035743031,-1.2667981964165536,1,0,0,0,0,0,0,1,0,0,0,1,0,0,1,0,0,0,0
-1.032285452838151,-0.9114852718249643,0.17263129683897785,0.1722678035743031,0.4831153313231341,1,0,0,0,0,0,1,0,0,1,0,0,0,0,0,1,0,0,1
-0.42281802680824626,0.1435617563312574,0.020132786716069676,-0.31171549004972837,-1.346339720404721,1,0,0,0,0,0,1,0,0,0,1,0,0,0,0,0,1,0,0
0.3390162557291348,0.2942827603535748,0.5524600546505101,0.5352552737923265,-0.829319814481631,1,0,0,0,0,0,1,0,0,1,0,0,0,0,0,0,0,1,0
0.49138311223661096,0.1435617563312574,0.1250620469238554,-0.6747029602677523,-0.5509244805230444,0,0,1,0,0,0,1,0,0,0,0,0,0,1,0,0,1,0,0
-0.5751848833157225,-0.9114852718249643,0.11230438946221133,0.41425945038631856,-0.33218528955558313,1,0,0,0,0,0,0,0,1,1,0,0,0,0,0,1,0,0,0
-1.1846523093456274,-1.2129272798695991,-1.4505251323507655,-1.3401799890007955,0.42345918833200896,1,0,0,0,0,0,0,1,0,0,1,0,0,0,0,0,1,0,0
-1.3370191658531034,-1.2129272798695991,-0.049061846389849964,-0.4327113134557364,0.9404790942550989,1,0,0,0,0,0,0,0,1,0,0,0,0,1,0,0,1,0,0
0.49138311223661096,0.1435617563312574,-0.21438394502071562,-1.4006779007038,0.9205937132580567,1,0,0,0,1,0,0,0,0,0,0,0,1,0,1,0,0,0,1
0.034282542714182365,0.7464457724205269,0.3891488529322033,-1.037690430485776,0.10529309237933808,0,0,1,0,0,1,0,0,0,0,0,1,0,0,0,0,1,0,0
0.18664939922165857,-0.45932225975801216,-0.6732969928851784,2.168698889773433,0.5427714743142608,0,0,1,0,0,0,0,1,0,0,0,1,0,0,0,0,1,0,0
-1.3370191658531034,-1.2129272798695991,-0.81076322444863,-0.13022175494071664,-1.5253081493780978,1,0,0,0,0,0,0,0,1,0,0,0,1,0,0,0,0,1,1
-0.7275517398231987,-0.9114852718249643,-1.170746737319827,-0.4327113134557364,1.0995621422314337,1,0,0,0,0,0,0,1,0,0,0,0,0,1,1,0,0,0,0
-0.42281802680824626,-0.15788025171337738,-0.6978892731600789,-1.5216737241098075,0.7416252842846798,1,0,0,0,1,0,0,0,0,0,0,0,1,0,1,0,0,0,0
0.034282542714182365,0.1435617563312574,0.6131166172588437,-0.4327113134557364,-0.7100075284993805,1,0,0,0,0,1,0,0,0,0,0,0,1,0,0,1,0,0,1
0.18664939922165857,0.2942827603535748,0.08174534949594763,-1.037690430485776,0.9802498562491819,0,0,1,0,0,0,0,0,1,0,0,0,1,0,0,0,1,0,0
0.034282542714182365,-1.2129272798695991,-1.4736998951299278,1.1402343908223667,-0.7497782904934636,0,0,1,0,0,0,0,1,0,1,0,0,0,0,1,0,0,0,0
2.167418533818849,1.8014928005767488,2.5562693797307032,-1.945159106030835,0.9404790942550989,1,0,0,0,0,0,0,0,1,0,0,1,0,0,0,1,0,0,0
0.034282542714182365,-0.30860125573569475,0.1251939090164822,-0.49320922515874066,0.42345918833200896,1,0,0,0,0,0,0,0,1,0,1,0,0,0,0,0,0,1,0
0.3390162557291348,-0.00715924769105999,0.17378509014946247,-0.6747029602677523,1.2586451902077698,0,0,1,0,1,0,0,0,0,0,1,0,0,0,0,0,1,0,0
-1.4893860223605797,-1.2129272798695991,-1.226359574885185,-0.13022175494071664,-0.6702367665052962,1,0,0,0,1,0,0,0,0,0,0,0,1,0,1,0,0,0,0
-0.5751848833157225,-0.30860125573569475,0.3259539450408036,-1.279682077297792,-0.23275838457037357,1,0,0,0,0,0,0,1,0,0,0,0,0,1,0,0,0,1,1
0.034282542714182365,-1.0622062758472817,-1.177076117765914,-0.5537071368617443,-0.9088613384697997,1,0,0,0,0,0,0,1,0,0,1,0,0,0,1,0,0,0,0
0.6437499687440872,0.4450037643758922,-0.08360971465807474,-0.7352008719707561,-1.346339720404721,0,0,1,0,1,0,0,0,0,0,0,1,0,0,1,0,0,0,0
-0.42281802680824626,-1.2129272798695991,-1.4147905052488994,1.0797364791193618,0.7813960462787628,1,0,0,0,0,1,0,0,0,0,0,1,0,0,1,0,0,0,0
-0.27045117030077004,-0.00715924769105999,-0.11997068669991817,1.261230214228374,1.2586451902077698,1,0,0,0,1,0,0,0,0,1,0,0,0,0,0,0,1,0,1
0.6437499687440872,1.198608784487479,1.0189222073178579,-1.037690430485776,-0.3719560515496675,1,0,0,0,0,1,0,0,0,0,1,0,0,0,0,0,1,0,0
0.18664939922165857,0.5957247683982095,0.19992675001272797,1.8057114195554098,-0.5509244805230444,0,0,1,0,0,0,0,0,1,0,0,0,0,1,1,0,0,0,1
0.034282542714182365,0.5957247683982095,0.753384918290615,0.6562510971983345,-0.3918414325467097,1,0,0,0,1,0,0,0,0,0,1,0,0,0,0,0,0,1,1
1.1008505382665157,1.6507717965544313,1.889508708363228,1.9267072429614172,0.4035738073349668,1,0,0,0,0,1,0,0,0,0,1,0,0,0,0,0,1,0,0
0.18664939922165857,-0.6100432637803296,-0.745491488598358,-0.6142050485647481,-1.0679443864461344,0,0,1,0,0,0,0,0,1,1,0,0,0,0,0,0,1,0,0
1.4055842512814682,0.8971667764428444,0.6654988335548447,0.35376153868331484,-0.07367533659403884,0,1,0,0,0,0,0,0,1,0,0,0,0,1,0,0,1,0,0
0.9484836817590396,1.0478877804651616,0.5633057117690654,0.35376153868331484,-0.610580623514171,0,0,1,0,0,0,0,1,0,0,0,1,0,0,1,0,0,0,0
0.7961168252515634,0.1435617563312574,-0.2174827041974457,0.41425945038631856,-0.47138295653487705,1,0,0,0,1,0,0,0,0,0,0,0,0,1,0,0,1,0,0
0.3390162557291348,0.2942827603535748,0.01756147590984684,-0.25121757834672465,0.3041469023497572,0,1,0,0,0,0,1,0,0,1,0,0,0,0,1,0,0,0,1
-0.11808431379329384,-0.15788025171337738,-0.45199943593423103,0.47475736208932284,-0.29241452756150016,0,0,0,1,0,1,0,0,0,1,0,0,0,0,1,0,0,0,0
1.5579511077889443,1.6507717965544313,-0.049061846389849964,2.168698889773433,0.6620837602965125,0,0,0,1,0,0,0,1,0,0,1,0,0,0,0,0,1,0,0
-1.3370191658531034,-1.2129272798695991,-0.9785577373162484,0.1722678035743031,0.7217399032876376,1,0,0,0,0,0,1,0,0,1,0,0,0,0,0,0,1,0,0
-1.4893860223605797,-1.2129272798695991,-1.3442113201703982,2.168698889773433,-0.03390457459995445,0,0,1,0,0,0,0,1,0,0,1,0,0,0,0,0,1,0,0
1.5579511077889443,1.5000507925321138,1.637751008015487,0.1722678035743031,1.119447523228476,0,1,0,0,1,0,0,0,0,1,0,0,0,0,0,0,1,0,0
1.4055842512814682,1.6507717965544313,1.5261627121300472,0.8377448323073463,0.4035738073349668,0,0,1,0,0,0,0,0,1,0,0,0,0,1,0,0,1,0,0
0.3390162557291348,0.8971667764428444,0.3456013968421986,-1.3401799890007955,-1.0679443864461344,0,0,1,0,1,0,0,0,0,0,0,0,1,0,1,0,0,0,0
-1.1846523093456274,-1.2129272798695991,-1.255435166309397,0.7772469206043425,0.7416252842846798,1,0,0,0,0,0,1,0,0,0,0,1,0,0,0,0,1,0,1
2.167418533818849,1.952213804599066,1.633531421051429,-0.31171549004972837,-0.21287300357333278,0,0,1,0,0,0,1,0,0,0,0,0,0,1,1,0,0,0,0
-1.3370191658531034,-1.2129272798695991,-0.8977262745360126,-0.0697238432377129,-0.1929876225762906,0,0,1,0,0,0,1,0,0,0,1,0,0,0,0,0,0,1,0
-1.4893860223605797,-0.45932225975801216,0.10739252651186258,-0.009225931534708631,0.06552233038525511,0,0,0,1,0,1,0,0,0,1,0,0,0,0,0,0,0,1,1
1.253217394773992,1.6507717965544313,1.0529096616924187,0.9587406557133543,0.6819691412935532,0,0,0,1,0,1,0,0,0,1,0,0,0,0,1,0,0,0,1
0.7961168252515634,0.4450037643758922,0.4818479040488522,1.745213507852406,0.9007083322610145,1,0,0,0,0,1,0,0,0,0,1,0,0,0,0,0,0,1,1
0.6437499687440872,1.6507717965544313,1.7160441255126566,-0.009225931534708631,1.5768112861604393,1,0,0,0,0,0,1,0,0,0,0,0,1,0,0,0,1,0,0
0.6437499687440872,0.7464457724205269,0.7934050634028524,-0.7352008719707561,1.2387598092107277,1,0,0,0,0,1,0,0,0,0,0,1,0,0,0,0,0,1,0
-0.42281802680824626,-0.6100432637803296,-0.5704775261594217,0.0512719801682951,1.696123572142691,0,0,1,0,0,0,0,1,0,1,0,0,0,0,0,0,0,1,1
0.9484836817590396,1.0478877804651616,0.8402820373316842,-0.8561966953767641,-0.31229990855854234,1,0,0,0,1,0,0,0,0,0,0,1,0,0,1,0,0,0,0
0.49138311223661096,0.8971667764428444,0.8492486596303074,0.5352552737923265,0.5427714743142608,0,0,1,0,0,0,0,1,0,0,0,0,1,0,0,0,1,0,0
1.5579511077889443,1.0478877804651616,0.789679959286145,0.6562510971983345,-0.4117268135437519,0,1,0,0,0,1,0,0,0,0,1,0,0,0,0,0,1,0,0
0.7961168252515634,1.0478877804651616,0.6261379989057413,0.41425945038631856,0.3439176643438416,1,0,0,0,0,0,0,0,1,0,1,0,0,0,1,0,0,0,0
-0.42281802680824626,-1.2129272798695991,-1.671822689301713,0.7772469206043425,-1.02817362445205,1,0,0,0,0,0,0,1,0,0,0,0,1,0,1,0,0,0,1
0.49138311223661096,0.1435617563312574,-0.11054254707710111,-0.9771925187827721,-1.7042765783514762,1,0,0,0,0,1,0,0,0,1,0,0,0,0,1,0,0,0,1
0.49138311223661096,0.5957247683982095,0.3259209795176469,-0.009225931534708631,0.36380304534088376,0,0,1,0,1,0,0,0,0,0,1,0,0,0,0,0,1,0,0
-1.4893860223605797,-0.45932225975801216,-0.5475335220423564,1.2007323025253702,0.06552233038525511,1,0,0,0,0,0,1,0,0,0,0,1,0,0,0,0,1,0,1
1.1008505382665157,1.3493297885097966,1.1306753308190811,-0.4327113134557364,-0.5906952425171288,1,0,0,0,0,1,0,0,0,0,0,1,0,0,1,0,0,0,0
3.2339865293711827,3.1579818367776054,2.8591895720176472,-0.6747029602677523,1.2188744282136854,0,0,0,1,0,0,1,0,0,0,0,0,1,0,1,0,0,0,0
-0.27045117030077004,0.4450037643758922,0.8666214903338899,0.6562510971983345,0.8808229512639724,1,0,0,0,0,0,0,0,1,0,1,0,0,0,0,0,0,1,0
-0.27045117030077004,-0.30860125573569475,-0.4246380517141675,1.019238567416358,-0.6901221475023384,0,0,1,0,1,0,0,0,0,1,0,0,0,0,0,0,1,0,0
2.4721522468338017,1.5000507925321138,0.9251682594601944,-0.7956987836737603,-2.1019841982923135,1,0,0,0,1,0,0,0,0,0,0,1,0,0,0,0,1,0,1
0.9484836817590396,0.4450037643758922,-0.020480737812988446,0.0512719801682951,-0.9287467194668405,0,0,1,0,0,1,0,0,0,1,0,0,0,0,1,0,0,0,0
2.167418533818849,2.4043768166660184,1.9543189268893062,0.7772469206043425,0.3439176643438416,0,0,0,1,0,0,0,1,0,0,1,0,0,0,0,0,1,0,1
0.49138311223661096,1.0478877804651616,0.767593058771154,-0.49320922515874066,-0.3520706705526253,1,0,0,0,0,1,0,0,0,1,0,0,0,0,0,0,1,0,1
-0.42281802680824626,-0.15788025171337738,-0.32551072358196154,-1.158686253891784,-0.23275838457037357,1,0,0,0,0,1,0,0,0,0,0,1,0,0,0,0,1,0,0
1.253217394773992,0.2942827603535748,0.8426885205221235,-1.0981883421887801,-1.1872566724283862,1,0,0,0,0,0,1,0,0,1,0,0,0,0,0,1,0,0,0
0.18664939922165857,-0.30860125573569475,0.02629733954637314,1.2007323025253702,0.4632299503260933,1,0,0,0,0,0,0,0,1,1,0,0,0,0,0,0,0,1,0
1.4055842512814682,1.6507717965544313,1.2799761851957892,-0.6747029602677523,-0.133331479585164,1,0,0,0,1,0,0,0,0,0,1,0,0,0,1,0,0,0,0
-0.5751848833157225,-0.9114852718249643,-1.352683459621671,-1.158686253891784,0.7813960462787628,1,0,0,0,0,0,0,0,1,0,0,0,0,1,0,0,1,0,0
-0.8799185963306748,-1.0622062758472817,-1.0875417568723085,1.8057114195554098,0.622312998302428,0,0,1,0,0,0,0,0,1,0,0,1,0,0,1,0,0,0,1
-0.42281802680824626,-0.30860125573569475,-0.20940615102405347,-0.009225931534708631,-0.25264376556741575,1,0,0,0,0,0,1,0,0,0,1,0,0,0,0,0,1,0,0
0.18664939922165857,0.2942827603535748,0.19567419752551327,0.6562510971983345,0.26437614035567425,1,0,0,0,0,0,0,0,1,1,0,0,0,0,1,0,0,0,0
-1.4893860223605797,-1.0622062758472817,-1.129671695466575,-0.009225931534708631,0.6819691412935532,1,0,0,0,1,0,0,0,0,0,1,0,0,0,1,0,0,0,1
0.3390162557291348,0.2942827603535748,0.07185569254893671,-0.5537071368617443,-0.2725291465644579,1,0,0,0,0,0,1,0,0,1,0,0,0,0,0,0,1,0,0
-1.3370191658531034,-1.2129272798695991,-0.2832159573719115,0.8982427440103505,1.8750920011160679,0,0,1,0,0,1,0,0,0,0,1,0,0,0,0,1,0,0,1
-0.5751848833157225,-1.2129272798695991,-1.3012242779740575,-0.9771925187827721,-1.1474859104343018,1,0,0,0,0,0,0,0,1,0,0,1,0,0,0,0,1,0,0
-0.11808431379329384,-0.7607642678026469,-0.6835163050637564,0.2932636269803111,0.801281427275805,0,0,1,0,0,0,0,1,0,1,0,0,0,0,0,0,1,0,0
0.9484836817590396,0.8971667764428444,0.39781878552241623,0.8982427440103505,-0.1929876225762906,0,0,1,0,0,0,0,0,1,0,0,0,1,0,1,0,0,0,1
0.6437499687440872,0.2942827603535748,0.16788426150441263,-0.009225931534708631,-1.4656520063869727,1,0,0,0,0,1,0,0,0,0,0,0,0,1,1,0,0,0,0
-1.4893860223605797,-1.0622062758472817,-0.04982005342245414,-0.5537071368617443,-1.4457666253899304,0,0,1,0,1,0,0,0,0,0,0,1,0,0,0,1,0,0,0
-0.42281802680824626,-0.45932225975801216,-0.17831966268728253,-1.4006779007038,0.7813960462787628,1,0,0,0,0,0,0,1,0,0,0,0,1,0,0,0,0,1,0
0.3390162557291348,1.0478877804651616,0.7947236843291205,0.2932636269803111,0.14506385437342248,0,0,1,0,0,0,1,0,0,0,0,0,1,0,1,0,0,0,1
1.7103179642964206,0.7464457724205269,0.7486378829560497,-0.009225931534708631,-1.8434742453307686,1,0,0,0,0,0,0,1,0,0,0,1,0,0,0,0,0,1,1
-0.42281802680824626,-0.9114852718249643,-0.43472550180011865,0.7167490089013383,-1.5650789113721821,1,0,0,0,0,0,1,0,0,0,0,1,0,0,0,1,0,0,0
0.3390162557291348,0.5957247683982095,0.2681983484702599,0.8377448323073463,-1.0082882434550093,1,0,0,0,0,0,0,1,0,0,0,0,1,0,1,0,0,0,1
0.034282542714182365,0.7464457724205269,0.5492953644274666,2.168698889773433,-0.21287300357333278,0,0,1,0,0,1,0,0,0,0,0,0,1,0,1,0,0,0,1
-0.42281802680824626,-0.15788025171337738,0.5505150887842646,0.11176989187129883,0.622312998302428,1,0,0,0,0,0,0,1,0,0,1,0,0,0,0,1,0,0,1
-0.7275517398231987,-0.6100432637803296,-0.046721294245724056,2.168698889773433,-1.2270274344224692,0,1,0,0,0,0,0,0,1,0,0,0,1,0,0,0,0,1,0
0.7961168252515634,0.5957247683982095,1.4418698694183576,0.11176989187129883,1.457499000178189,0,0,1,0,0,0,0,0,1,0,0,0,1,0,0,1,0,0,1
-0.42281802680824626,0.4450037643758922,0.5403287421288434,0.47475736208932284,0.8211668082728472,0,1,0,0,0,0,1,0,0,0,0,0,1,0,0,0,1,0,1
-1.032285452838151,-0.9114852718249643,-0.4694381976841269,-0.7956987836737603,-0.014019193602913666,1,0,0,0,0,0,1,0,0,0,1,0,0,0,0,0,1,0,1
0.9484836817590396,1.198608784487479,1.0704473200117848,0.35376153868331484,-0.23275838457037357,0,1,0,0,1,0,0,0,0,0,0,0,1,0,0,0,1,0,0
1.1008505382665157,1.0478877804651616,0.6373133112558637,2.1082009780704296,-1.4059958633958474,0,0,1,0,0,0,1,0,0,0,0,1,0,0,0,0,1,0,0
-0.27045117030077004,-0.15788025171337738,0.7303420176040796,1.0797364791193618,-0.5111537185289614,0,0,0,1,0,0,0,1,0,0,0,0,0,1,0,1,0,0,1
-0.8799185963306748,-1.2129272798695991,-1.134451696324297,-0.8561966953767641,0.8808229512639724,0,0,0,1,1,0,0,0,0,0,0,1,0,0,0,0,1,0,0
-1.4893860223605797,-1.2129272798695991,-1.0899152745395913,-2.126652841139847,-0.1532168605822062,1,0,0,0,1,0,0,0,0,1,0,0,0,0,1,0,0,0,0
-1.4893860223605797,-1.2129272798695991,-1.3503099419543885,1.1402343908223667,-1.02817362445205,1,0,0,0,0,1,0,0,0,0,0,0,1,0,1,0,0,0,1
-0.11808431379329384,-0.7607642678026469,-0.4325827427949329,-1.0981883421887801,2.8494756699711226,0,0,1,0,0,0,1,0,0,0,1,0,0,0,0,0,1,0,1
-1.032285452838151,-0.9114852718249643,-0.2616565052274278,0.23276571527730683,-0.133331479585164,0,0,1,0,0,0,1,0,0,0,1,0,0,0,0,0,0,1,1
0.3390162557291348,0.2942827603535748,-0.08499426663065626,0.2932636269803111,-0.03390457459995445,1,0,0,0,1,0,0,0,0,1,0,0,0,0,1,0,0,0,0
-0.5751848833157225,-1.0622062758472817,-0.9101542767660896,-2.3686444879518627,1.3779574761900202,1,0,0,0,0,0,0,0,1,0,1,0,0,0,0,0,0,1,0
0.18664939922165857,0.2942827603535748,-0.049061846389849964,0.8377448323073463,-1.5650789113721821,0,0,1,0,0,1,0,0,0,0,0,1,0,0,0,0,0,1,1
-0.27045117030077004,-0.15788025171337738,-0.5261718630368128,1.019238567416358,-0.7100075284993805,0,0,1,0,0,0,0,0,1,0,0,1,0,0,1,0,0,0,1
-1.032285452838151,-0.7607642678026469,0.1795210911787288,-0.49320922515874066,0.3439176643438416,1,0,0,0,0,1,0,0,0,1,0,0,0,0,0,1,0,0,1
0.7961168252515634,-0.00715924769105999,0.23991392960180874,0.1722678035743031,-0.45149757553783487,1,0,0,0,1,0,0,0,0,0,0,0,1,0,0,0,0,1,0
0.9484836817590396,0.5957247683982095,0.37741312668841703,0.9587406557133543,-0.21287300357333278,1,0,0,0,0,1,0,0,0,1,0,0,0,0,0,0,1,0,0
-0.8799185963306748,-0.7607642678026469,-0.2555578834434377,1.4427239493373862,1.3779574761900202,0,0,1,0,0,0,0,0,1,0,0,0,1,0,0,0,0,1,1
0.9484836817590396,1.198608784487479,1.5038450529529592,-0.009225931534708631,0.5228860933172185,0,0,1,0,1,0,0,0,0,0,0,1,0,0,0,1,0,0,0
0.18664939922165857,-0.15788025171337738,0.05573555172530894,0.47475736208932284,-1.4457666253899304,1,0,0,0,1,0,0,0,0,0,0,1,0,0,0,0,0,1,0
1.7103179642964206,1.3493297885097966,1.3950588265358392,-0.8561966953767641,-0.7298929094964214,0,1,0,0,1,0,0,0,0,0,0,0,1,0,0,0,1,0,1
-1.032285452838151,-1.2129272798695991,-1.4378004404122782,0.6562510971983345,0.42345918833200896,1,0,0,0,0,0,0,0,1,0,0,0,1,0,0,0,1,0,1
0.49138311223661096,0.8971667764428444,0.5026821146838886,-0.37221340175273265,1.7955504771279005,0,0,0,1,0,0,1,0,0,0,0,1,0,0,1,0,0,0,1
0.034282542714182365,-0.15788025171337738,0.06569113971863326,-0.5537071368617443,-0.25264376556741575,0,0,0,1,0,0,1,0,0,0,1,0,0,0,0,0,0,1,0
-0.11808431379329384,1.0478877804651616,0.9133995676932515,0.5352552737923265,-1.6247350543633075,0,0,1,0,0,0,0,0,1,0,0,1,0,0,1,0,0,0,1
0.3390162557291348,0.5957247683982095,0.6310168963329333,0.11176989187129883,-0.2725291465644579,0,0,0,1,0,0,0,0,1,0,0,0,1,0,1,0,0,0,1
-0.5751848833157225,-0.7607642678026469,-1.480424861853895,-0.4327113134557364,-0.1929876225762906,0,0,1,0,0,1,0,0,0,1,0,0,0,0,1,0,0,0,0
-1.1846523093456274,-1.2129272798695991,-0.5017773759008526,-1.279682077297792,-0.6901221475023384,1,0,0,0,0,0,0,0,1,1,0,0,0,0,0,1,0,0,0
-0.7275517398231987,-0.6100432637803296,0.1130625964948155,0.5957531854953309,1.0597913802373506,1,0,0,0,0,1,0,0,0,0,1,0,0,0,0,0,0,1,0
-1.3370191658531034,-0.6100432637803296,-0.7895334275357132,1.019238567416358,-0.3520706705526253,0,0,0,1,0,0,0,0,1,0,0,0,1,0,0,0,1,0,0
0.18664939922165857,0.4450037643758922,0.19363033508979768,1.8057114195554098,-0.9287467194668405,0,0,1,0,0,1,0,0,0,0,1,0,0,0,0,0,1,0,0
1.253217394773992,1.198608784487479,1.2045510682132525,-1.8241632826248273,0.20471999736454766,1,0,0,0,0,0,1,0,0,0,0,0,0,1,0,0,0,1,0
-1.3370191658531034,-1.2129272798695991,-1.123474177113115,2.168698889773433,1.4376136191811468,0,0,1,0,0,1,0,0,0,0,0,0,0,1,0,0,1,0,1
0.3390162557291348,0.1435617563312574,-0.11881689338943356,0.11176989187129883,-0.6304660045112118,0,1,0,0,0,0,0,1,0,0,0,0,1,0,1,0,0,0,0
-0.5751848833157225,-0.6100432637803296,-0.13071744724900336,0.2932636269803111,0.08540771138229589,0,0,1,0,0,1,0,0,0,0,0,0,1,0,0,0,1,0,0
1.1008505382665157,1.198608784487479,1.9461434771464439,0.2932636269803111,0.7615106652817221,0,1,0,0,1,0,0,0,0,0,0,1,0,0,0,1,0,0,1
-0.42281802680824626,-0.30860125573569475,-0.19803304553499093,0.7772469206043425,-1.1872566724283862,0,0,1,0,1,0,0,0,0,1,0,0,0,0,0,0,1,0,0
-0.5751848833157225,-0.00715924769105999,-0.22687787829710607,0.41425945038631856,-1.54519353037514,0,0,1,0,0,1,0,0,0,1,0,0,0,0,1,0,0,0,1
-0.5751848833157225,-0.9114852718249643,-1.1308584543002163,-1.2191841655947875,0.16494923537046466,1,0,0,0,0,0,0,1,0,1,0,0,0,0,0,0,1,0,0
-0.42281802680824626,-0.7607642678026469,-0.3692230072877497,-0.4327113134557364,0.8609375702669315,1,0,0,0,0,1,0,0,0,0,1,0,0,0,0,0,0,1,0
-0.8799185963306748,-1.2129272798695991,-1.3230144887806383,0.0512719801682951,-0.9486321004638827,1,0,0,0,0,0,0,0,1,1,0,0,0,0,1,0,0,0,0
-1.4893860223605797,-1.2129272798695991,-1.671163378838579,-2.187150752842851,0.6819691412935532,0,0,1,0,0,0,0,1,0,0,0,1,0,0,0,0,1,0,0
-0.5751848833157225,-0.30860125573569475,-0.7597985256483671,-1.4611758124068035,-0.1532168605822062,1,0,0,0,0,0,0,0,1,0,0,0,1,0,0,0,1,0,0
2.015051677311373,2.1029348086213835,1.9227379557051847,2.168698889773433,0.045636949388212916,0,0,0,1,1,0,0,0,0,1,0,0,0,0,0,0,1,0,1
-1.4893860223605797,-1.2129272798695991,-0.624277259951161,-1.7031674592188193,-1.02817362445205,1,0,0,0,0,0,0,1,0,0,0,0,0,1,0,1,0,0,0
-0.11808431379329384,0.2942827603535748,0.6178636525934089,-0.25121757834672465,-1.0878297674431765,1,0,0,0,0,0,0,1,0,0,1,0,0,0,1,0,0,0,1
-1.4893860223605797,-1.2129272798695991,-1.2511496482990256,0.5957531854953309,-2.360494151253859,0,1,0,0,0,1,0,0,0,0,1,0,0,0,0,0,1,0,0
-0.11808431379329384,-0.30860125573569475,-0.446230469381808,0.47475736208932284,0.10529309237933808,0,1,0,0,0,0,0,0,1,1,0,0,0,0,1,0,0,0,0
-0.7275517398231987,-0.30860125573569475,-0.3687614899635559,-1.7031674592188193,-0.133331479585164,0,0,1,0,0,1,0,0,0,0,0,0,1,0,0,0,1,0,0
0.034282542714182365,0.2942827603535748,-0.2838752678350456,1.6242176844463976,0.045636949388212916,1,0,0,0,0,1,0,0,0,1,0,0,0,0,0,0,1,0,0
-0.5751848833157225,-0.6100432637803296,-1.2479519925528255,-1.7636653709218233,0.9603644752521411,1,0,0,0,0,1,0,0,0,0,0,1,0,0,1,0,0,0,0
0.3390162557291348,0.4450037643758922,0.9822645455676041,-0.009225931534708631,1.000135237246224,1,0,0,0,0,0,0,0,1,0,1,0,0,0,0,1,0,0,1
0.49138311223661096,0.2942827603535748,0.3323162910100473,0.6562510971983345,-0.1532168605822062,0,0,0,1,0,0,1,0,0,1,0,0,0,0,0,0,1,0,1
-0.11808431379329384,-0.00715924769105999,-0.30958837589727395,0.8982427440103505,-1.3264543394076787,0,0,1,0,0,0,0,1,0,0,0,1,0,0,1,0,0,0,0
0.3390162557291348,0.1435617563312574,0.06348244966713415,1.8662093312584136,-1.0082882434550093,0,0,0,1,0,0,0,0,1,0,1,0,0,0,0,0,1,0,1
-0.8799185963306748,-1.0622062758472817,-1.0311377467511897,-0.25121757834672465,1.3978428571870622,0,1,0,0,0,0,0,1,0,0,0,1,0,0,1,0,0,0,0
2.3197853903263255,2.8565398287329704,3.267632403929198,-0.25121757834672465,0.5626568553113029,0,0,1,0,0,0,0,1,0,1,0,0,0,0,0,0,0,1,0
-0.42281802680824626,-0.45932225975801216,-0.9398232476071223,-1.037690430485776,-1.1872566724283862,1,0,0,0,0,0,0,0,1,0,0,0,1,0,0,0,1,0,1
0.49138311223661096,1.3493297885097966,1.5013067076698932,-0.9166946070797678,-0.133331479585164,1,0,0,0,0,0,1,0,0,0,1,0,0,0,0,0,0,1,0
-1.032285452838151,-1.2129272798695991,-1.584332190843823,0.23276571527730683,2.7500487649859133,1,0,0,0,0,0,0,0,1,0,1,0,0,0,1,0,0,0,0
0.034282542714182365,-0.00715924769105999,-0.10355385616788006,-0.6142050485647481,-1.1077151484402188,1,0,0,0,0,0,1,0,0,1,0,0,0,0,0,0,1,0,0
-1.032285452838151,-0.6100432637803296,-0.47550385394496025,0.47475736208932284,0.9007083322610145,0,0,1,0,0,0,0,0,1,1,0,0,0,0,0,0,1,0,1
-1.4893860223605797,-1.2129272798695991,-1.0467963702506236,0.8377448323073463,2.054060430089446,1,0,0,0,1,0,0,0,0,0,0,0,0,1,0,0,1,0,0
-1.4893860223605797,-1.2129272798695991,-0.9678439422903199,-0.31171549004972837,-1.2866835774135956,1,0,0,0,0,0,1,0,0,1,0,0,0,0,0,1,0,0,1
0.49138311223661096,1.6507717965544313,-0.049061846389849964,0.5957531854953309,-1.6843911973544339,0,1,0,0,1,0,0,0,0,1,0,0,0,0,1,0,0,0,1
-1.3370191658531034,-1.2129272798695991,-1.1358692138200353,-0.6747029602677523,-1.863359626327811,0,0,0,1,0,0,0,1,0,0,0,0,0,1,1,0,0,0,0
-1.1846523093456274,-0.7607642678026469,-1.2411281292593879,0.35376153868331484,0.6620837602965125,0,0,1,0,1,0,0,0,0,0,1,0,0,0,0,0,1,0,1
-1.4893860223605797,-1.2129272798695991,-1.1913172237696097,-0.8561966953767641,-1.505422768381057,1,0,0,0,0,0,1,0,0,0,0,0,1,0,1,0,0,0,0
-1.1846523093456274,-0.9114852718249643,-1.3998241577357564,-2.913125693278898,0.9404790942550989,0,0,1,0,0,1,0,0,0,1,0,0,0,0,0,0,1,0,0
-1.4893860223605797,-1.2129272798695991,-1.0185449169053291,0.5957531854953309,1.6165820481545237,1,0,0,0,0,0,1,0,0,0,0,0,1,0,0,0,0,1,0
-1.4893860223605797,-1.2129272798695991,-1.2725113073045693,-0.009225931534708631,0.9603644752521411,1,0,0,0,0,0,1,0,0,0,0,0,0,1,0,0,1,0,0
-1.4893860223605797,-1.2129272798695991,-1.3521889767743205,1.4427239493373862,-0.23275838457037357,0,1,0,0,0,0,0,1,0,1,0,0,0,0,0,0,1,0,0
-0.27045117030077004,-1.2129272798695991,-1.5529490127986418,0.5957531854953309,-1.0082882434550093,0,0,0,1,1,0,0,0,0,0,0,1,0,0,0,0,1,0,0
-0.5751848833157225,-0.30860125573569475,-0.7954012906576063,0.7167490089013383,-0.650351385508254,0,0,1,0,1,0,0,0,0,0,0,0,0,1,0,0,1,0,0
-0.8799185963306748,-0.9114852718249643,-1.214491986548772,-0.8561966953767641,-1.9627865313130204,1,0,0,0,1,0,0,0,0,0,0,0,1,0,0,0,1,0,0
1.1008505382665157,0.7464457724205269,1.3130406049219623,-0.6747029602677523,0.6024276173053859,0,1,0,0,0,0,0,1,0,0,0,0,1,0,0,0,0,1,0
1.1008505382665157,1.5000507925321138,1.8462249764584768,0.2932636269803111,-0.7298929094964214,0,0,1,0,0,0,1,0,0,1,0,0,0,0,0,0,0,1,1
-0.5751848833157225,-0.30860125573569475,-0.22163636011519028,-0.7956987836737603,0.4632299503260933,1,0,0,0,1,0,0,0,0,0,0,0,0,1,0,0,1,0,1
-0.7275517398231987,0.2942827603535748,0.30927339032351187,-0.6747029602677523,1.2188744282136854,0,0,1,0,0,0,1,0,0,0,0,0,1,0,0,0,0,1,0
-0.27045117030077004,0.1435617563312574,0.09473376561968862,1.5637197727433938,0.7813960462787628,1,0,0,0,0,0,0,0,1,1,0,0,0,0,1,0,0,0,0
1.253217394773992,0.8971667764428444,0.6384341390431916,0.11176989187129883,0.5228860933172185,0,0,1,0,1,0,0,0,0,0,0,0,0,1,0,0,1,0,0
0.034282542714182365,-0.45932225975801216,-0.15600200351019458,0.9587406557133543,1.4376136191811468,1,0,0,0,0,0,1,0,0,1,0,0,0,0,0,0,1,0,0
-0.11808431379329384,-0.45932225975801216,-0.34364176131814816,-1.3401799890007955,0.801281427275805,0,0,1,0,0,0,0,0,1,0,0,1,0,0,0,0,1,0,1
-0.7275517398231987,-1.2129272798695991,-0.37931045737370084,1.019238567416358,-0.650351385508254,0,0,1,0,0,0,1,0,0,0,0,0,0,1,0,0,0,1,1
1.4055842512814682,0.5957247683982095,1.159223473872786,-0.49320922515874066,2.4318826690332425,0,0,0,1,0,1,0,0,0,0,0,1,0,0,0,0,0,1,0
0.49138311223661096,0.1435617563312574,0.7064420133154699,0.2932636269803111,0.10529309237933808,0,0,1,0,1,0,0,0,0,0,0,1,0,0,0,0,0,1,0
1.4055842512814682,1.8014928005767488,1.7748216533010581,-0.37221340175273265,-0.1929876225762906,1,0,0,0,1,0,0,0,0,1,0,0,0,0,1,0,0,0,0
-0.8799185963306748,-0.7607642678026469,-1.0471589910053474,-1.5821716358128115,0.5825422363083437,1,0,0,0,1,0,0,0,0,0,0,1,0,0,1,0,0,0,1
0.18664939922165857,0.5957247683982095,0.4788480414415922,0.35376153868331484,1.5569259051633986,0,0,1,0,0,1,0,0,0,0,0,0,0,1,0,0,1,0,0
-0.5751848833157225,-0.7607642678026469,0.36215008946686356,-0.4327113134557364,1.3183013331988949,1,0,0,0,0,1,0,0,0,0,0,0,1,0,0,1,0,0,1
-0.27045117030077004,0.4450037643758922,0.36660043509301843,-0.6142050485647481,1.1592182852225603,1,0,0,0,0,0,0,0,1,1,0,0,0,0,1,0,0,0,0
-0.27045117030077004,-0.15788025171337738,-0.2152740141459466,-0.8561966953767641,-0.014019193602913666,1,0,0,0,0,0,1,0,0,0,0,1,0,0,0,0,0,1,0
0.49138311223661096,0.1435617563312574,0.32196511673884254,-0.49320922515874066,-0.1532168605822062,0,0,1,0,0,0,0,1,0,0,0,0,1,0,0,0,1,0,0
-0.11808431379329384,-0.30860125573569475,-0.11410282357802504,-0.009225931534708631,0.10529309237933808,0,0,1,0,0,0,0,0,1,0,0,0,1,0,0,0,1,0,1
1.253217394773992,0.4450037643758922,0.08701983320102011,-1.0981883421887801,-0.47138295653487705,1,0,0,0,1,0,0,0,0,0,1,0,0,0,1,0,0,0,0
0.034282542714182365,-1.2129272798695991,-1.3619467716287046,-1.4006779007038,-1.2866835774135956,1,0,0,0,0,1,0,0,0,0,0,0,0,1,0,0,1,0,0
0.3390162557291348,0.1435617563312574,-0.04751246680148492,1.2007323025253702,-1.505422768381057,1,0,0,0,1,0,0,0,0,0,0,1,0,0,0,0,1,0,1
-0.7275517398231987,-1.2129272798695991,-1.2505233033590484,-0.31171549004972837,0.9404790942550989,0,0,1,0,0,1,0,0,0,0,0,0,0,1,1,0,0,0,0
0.18664939922165857,0.2942827603535748,0.02857196064418565,-1.7031674592188193,2.073945811086487,0,0,1,0,0,0,0,0,1,1,0,0,0,0,0,0,1,0,0
-1.032285452838151,-1.2129272798695991,-0.4185064644070207,0.41425945038631856,0.38368842633792455,0,0,1,0,0,0,1,0,0,0,1,0,0,0,0,1,0,0,0
0.7961168252515634,0.2942827603535748,0.5167913585949574,0.2932636269803111,0.10529309237933808,0,1,0,0,0,0,0,1,0,0,1,0,0,0,0,0,0,1,0
-0.42281802680824626,-0.45932225975801216,-0.6253321566921755,-0.009225931534708631,-0.610580623514171,1,0,0,0,0,1,0,0,0,1,0,0,0,0,0,0,1,0,0
0.6437499687440872,-0.00715924769105999,0.02247333886019559,0.11176989187129883,-1.9031303883218953,0,1,0,0,1,0,0,0,0,0,0,0,1,0,0,0,1,0,0
0.034282542714182365,-1.0622062758472817,-1.2501606826043246,-0.1907196666437209,-0.5906952425171288,0,1,0,0,0,0,0,0,1,0,0,1,0,0,1,0,0,0,1
-1.4893860223605797,-1.2129272798695991,-0.8649585445182498,1.6847155961494011,0.06552233038525511,1,0,0,0,0,0,0,1,0,0,1,0,0,0,0,0,1,0,1
-0.11808431379329384,0.1435617563312574,0.18700426493530037,0.47475736208932284,0.045636949388212916,0,0,1,0,0,0,0,1,0,0,0,0,1,0,0,0,1,0,0
1.4055842512814682,1.5000507925321138,1.745416406645279,1.1402343908223667,-1.1872566724283862,1,0,0,0,0,1,0,0,0,0,1,0,0,0,0,0,0,1,1
1.4055842512814682,1.6507717965544313,1.5448211982367412,-1.4006779007038,-0.29241452756150016,0,0,1,0,0,1,0,0,0,0,0,0,1,0,0,0,1,0,0
-1.4893860223605797,-1.2129272798695991,-1.255336269739927,-0.009225931534708631,1.0995621422314337,0,1,0,0,1,0,0,0,0,0,0,0,0,1,1,0,0,0,0
-1.4893860223605797,-1.2129272798695991,-1.2571493735135457,-1.2191841655947875,-0.988402862457967,0,0,1,0,0,0,1,0,0,0,0,0,0,1,0,0,1,0,0
-1.4893860223605797,-1.2129272798695991,-1.5143793507052994,-0.8561966953767641,-0.05378995559699664,1,0,0,0,0,0,0,0,1,1,0,0,0,0,0,0,1,0,1
1.4055842512814682,1.5000507925321138,1.687825637690519,0.6562510971983345,2.034175049092404,0,0,1,0,0,0,1,0,0,0,0,0,1,0,0,0,0,1,0
1.4055842512814682,1.8014928005767488,2.3962876958512234,-0.0697238432377129,-0.3719560515496675,0,1,0,0,0,1,0,0,0,1,0,0,0,0,0,1,0,0,0
-1.4893860223605797,-1.0622062758472817,-1.5021491416141626,-0.0697238432377129,-0.31229990855854234,0,0,1,0,0,1,0,0,0,1,0,0,0,0,0,0,1,0,0
0.3390162557291348,0.2942827603535748,0.05468065498429445,0.8982427440103505,-1.8235888643337266,0,0,1,0,0,0,1,0,0,0,0,0,1,0,0,0,1,0,1
0.7961168252515634,0.7464457724205269,0.25188041450769194,1.019238567416358,-0.7298929094964214,1,0,0,0,0,0,0,1,0,0,0,1,0,0,0,0,1,0,1
-1.4893860223605797,-1.2129272798695991,-1.671822689301713,-0.1907196666437209,-2.300838008262733,1,0,0,0,0,0,1,0,0,0,0,0,1,0,1,0,0,0,0
0.18664939922165857,0.7464457724205269,0.7164635323551076,-1.037690430485776,-0.07367533659403884,1,0,0,0,0,0,1,0,0,0,0,1,0,0,0,0,1,0,1
0.9484836817590396,0.7464457724205269,0.8403150028548408,-0.25121757834672465,1.6762381911456488,1,0,0,0,0,0,1,0,0,0,1,0,0,0,1,0,0,0,0
1.253217394773992,1.198608784487479,0.9730012335605706,1.6242176844463976,0.06552233038525511,0,0,1,0,0,0,0,1,0,0,1,0,0,0,1,0,0,0,1
-0.8799185963306748,-0.9114852718249643,-1.3531779424690216,-0.9166946070797678,0.24449075935863204,1,0,0,0,1,0,0,0,0,0,0,0,1,0,1,0,0,0,0
-1.4893860223605797,-1.2129272798695991,-1.6317695786663189,-1.7031674592188193,0.9802498562491819,0,0,1,0,0,0,0,0,1,0,0,1,0,0,0,0,1,0,0
0.3390162557291348,0.4450037643758922,-0.049061846389849964,0.8982427440103505,-0.4316121945407927,1,0,0,0,0,1,0,0,0,0,0,1,0,0,1,0,0,0,1
-1.4893860223605797,-0.7607642678026469,0.12773225429954835,-0.6142050485647481,0.5825422363083437,1,0,0,0,0,0,0,1,0,0,0,1,0,0,0,1,0,0,0
1.1008505382665157,1.3493297885097966,0.6401153807241834,-1.4611758124068035,1.3779574761900202,0,0,1,0,0,0,1,0,0,0,0,0,1,0,1,0,0,0,1
0.034282542714182365,-0.15788025171337738,-0.33546631157528584,1.987205154664421,1.3779574761900202,0,0,1,0,0,1,0,0,0,1,0,0,0,0,1,0,0,0,0
0.6437499687440872,-0.30860125573569475,-0.330785207287034,1.2007323025253702,-0.7497782904934636,0,0,1,0,0,0,0,1,0,0,0,0,1,0,1,0,0,0,0
1.5579511077889443,1.198608784487479,1.4066626906869988,0.8982427440103505,-1.346339720404721,1,0,0,0,0,1,0,0,0,0,0,1,0,0,0,0,0,1,1
-1.1846523093456274,-1.2129272798695991,-0.7027022395409575,1.1402343908223667,0.3041469023497572,0,0,1,0,1,0,0,0,0,0,0,0,1,0,0,1,0,0,0
-0.7275517398231987,-1.2129272798695991,-1.169197357731462,-0.31171549004972837,0.38368842633792455,1,0,0,0,1,0,0,0,0,1,0,0,0,0,1,0,0,0,0
-1.3370191658531034,-1.2129272798695991,-1.0805530659630875,1.8057114195554098,0.284261521352715,0,1,0,0,0,0,0,0,1,0,1,0,0,0,0,0,1,0,1
0.034282542714182365,-0.45932225975801216,-0.3554763841314046,-0.31171549004972837,-0.7895490524875479,0,0,1,0,0,0,1,0,0,0,0,0,1,0,1,0,0,0,0
-1.1846523093456274,-1.2129272798695991,-1.2705993069614805,0.11176989187129883,-0.8094344334845901,0,0,1,0,0,0,1,0,0,1,0,0,0,0,0,0,1,0,0
-1.4893860223605797,-1.0622062758472817,-0.049061846389849964,-1.6426695475158153,-0.23275838457037357,0,0,1,0,0,0,1,0,0,1,0,0,0,0,0,0,0,1,0
1.253217394773992,1.3493297885097966,1.4255849009789463,-0.6747029602677523,0.20471999736454766,0,0,0,1,0,0,0,0,1,0,1,0,0,0,0,0,1,0,1
0.034282542714182365,1.5000507925321138,1.7322961284289113,0.47475736208932284,-0.8889759574727575,0,1,0,0,0,0,1,0,0,0,0,1,0,0,0,0,1,0,1
0.49138311223661096,-0.9114852718249643,-0.37156355943187563,-1.158686253891784,-0.9088613384697997,0,1,0,0,0,0,0,1,0,0,0,1,0,0,0,0,1,0,0
0.7961168252515634,1.3493297885097966,1.3461709556944488,0.8982427440103505,-1.6048496733662665,1,0,0,0,0,0,1,0,0,1,0,0,0,0,0,0,0,1,1
0.7961168252515634,0.2942827603535748,0.833754863746657,0.5352552737923265,0.8808229512639724,1,0,0,0,0,0,0,1,0,0,0,1,0,0,0,0,0,1,0
1.253217394773992,1.3493297885097966,1.6043898985809035,-0.49320922515874066,0.045636949388212916,1,0,0,0,0,0,1,0,0,0,1,0,0,0,0,0,0,1,0
-1.4893860223605797,-1.2129272798695991,-0.049061846389849964,-1.8846611943278313,1.9944042870983196,1,0,0,0,0,0,1,0,0,0,0,0,1,0,0,0,1,0,0
-1.1846523093456274,-0.9114852718249643,-0.3087642378183564,-1.5216737241098075,0.10529309237933808,1,0,0,0,0,0,1,0,0,0,0,1,0,0,0,1,0,0,0
1.4055842512814682,1.3493297885097966,0.9821326834749773,-2.066154929436843,1.119447523228476,1,0,0,0,0,1,0,0,0,0,0,0,1,0,1,0,0,0,1
-0.42281802680824626,-0.45932225975801216,-0.32798313781871424,0.41425945038631856,0.3240322833467994,0,1,0,0,0,0,1,0,0,1,0,0,0,0,0,0,0,1,0
0.18664939922165857,0.2942827603535748,0.5380870865541876,-0.6142050485647481,-0.09356071759108103,0,0,1,0,0,0,0,1,0,0,1,0,0,0,0,0,0,1,1
-1.3370191658531034,-1.2129272798695991,-1.1071562431505468,-0.37221340175273265,-0.25264376556741575,0,0,1,0,1,0,0,0,0,0,1,0,0,0,1,0,0,0,0
-0.11808431379329384,-0.30860125573569475,-0.35643238430294893,0.8982427440103505,-0.2725291465644579,0,0,1,0,0,0,0,1,0,0,0,1,0,0,1,0,0,0,1
0.18664939922165857,-0.6100432637803296,0.3675894007877195,-0.009225931534708631,2.1534873350746557,1,0,0,0,0,0,0,1,0,0,0,0,0,1,0,1,0,0,0
-0.5751848833157225,-1.0622062758472817,-1.0375660237667468,1.3217281259313778,-0.25264376556741575,1,0,0,0,0,0,0,0,1,0,1,0,0,0,0,0,1,0,0
-1.4893860223605797,-1.2129272798695991,-1.671822689301713,1.1402343908223667,-0.7100075284993805,0,1,0,0,0,0,1,0,0,0,0,1,0,0,1,0,0,0,0
-0.42281802680824626,-1.2129272798695991,-1.0348628508678972,-0.8561966953767641,-1.6247350543633075,0,0,0,1,0,0,1,0,0,0,1,0,0,0,0,0,1,0,1
0.49138311223661096,0.5957247683982095,0.6156879280650664,-1.6426695475158153,-1.1673712914313439,0,1,0,0,0,1,0,0,0,0,1,0,0,0,0,0,1,0,0
-0.5751848833157225,-0.15788025171337738,-0.33042258653231027,-0.25121757834672465,0.08540771138229589,0,0,1,0,0,0,0,1,0,0,0,0,0,1,0,0,1,0,0
-1.4893860223605797,-1.2129272798695991,-1.5762556376704309,-0.7956987836737603,0.36380304534088376,0,0,1,0,0,0,1,0,0,0,0,0,0,1,1,0,0,0,0
-0.42281802680824626,-0.45932225975801216,-0.6189038796766184,-1.2191841655947875,-1.2866835774135956,1,0,0,0,0,0,0,1,0,0,0,0,1,0,0,0,1,0,1
0.034282542714182365,0.2942827603535748,0.5901066820954649,0.5957531854953309,-0.11344609858812323,1,0,0,0,0,0,0,1,0,0,0,0,1,0,0,0,0,1,0
-0.8799185963306748,-0.45932225975801216,-0.3614101782996111,-0.9166946070797678,0.42345918833200896,0,0,1,0,0,1,0,0,0,0,0,0,0,1,0,0,1,0,0
0.49138311223661096,-0.45932225975801216,-0.1945057345572237,-1.6426695475158153,0.38368842633792455,0,1,0,0,1,0,0,0,0,0,0,0,1,0,0,0,1,0,1
-0.11808431379329384,0.2942827603535748,0.6927613212054381,0.7167490089013383,-0.1532168605822062,0,0,1,0,0,0,0,0,1,0,0,0,1,0,0,0,0,1,0
0.49138311223661096,0.2942827603535748,0.15189598277341165,-0.7352008719707561,0.44334456932905114,1,0,0,0,1,0,0,0,0,0,1,0,0,0,0,0,1,0,0
0.7961168252515634,0.4450037643758922,0.5954141313236941,2.168698889773433,0.4831153313231341,1,0,0,0,0,0,1,0,0,0,1,0,0,0,0,0,1,0,1
-0.27045117030077004,-0.7607642678026469,-0.19786821791920742,-0.0697238432377129,0.7416252842846798,1,0,0,0,0,1,0,0,0,0,0,1,0,0,0,1,0,0,1
-0.8799185963306748,-1.2129272798695991,-1.3771768433271014,0.5957531854953309,-1.3861104823988053,1,0,0,0,1,0,0,0,0,0,0,0,0,1,1,0,0,0,0
-1.3370191658531034,-1.2129272798695991,-1.4556677539632112,0.1722678035743031,-1.9031303883218953,1,0,0,0,0,0,1,0,0,0,0,1,0,0,1,0,0,0,0
-0.27045117030077004,-0.6100432637803296,-0.05783067554953297,-1.945159106030835,-0.610580623514171,0,1,0,0,0,0,1,0,0,1,0,0,0,0,0,1,0,0,0
0.034282542714182365,-1.0622062758472817,-0.9542621467497583,2.1082009780704296,0.3439176643438416,0,0,1,0,0,0,0,1,0,1,0,0,0,0,0,0,1,0,0
-0.42281802680824626,-0.6100432637803296,-0.7200421047213833,1.3822260376343816,-0.21287300357333278,0,1,0,0,0,0,1,0,0,0,0,0,1,0,1,0,0,0,1
-1.4893860223605797,-1.2129272798695991,-0.049061846389849964,1.261230214228374,-0.7497782904934636,1,0,0,0,0,0,0,1,0,0,0,0,0,1,1,0,0,0,0
0.3390162557291348,0.4450037643758922,0.5996666838109088,-0.6142050485647481,1.3978428571870622,1,0,0,0,1,0,0,0,0,0,0,0,1,0,0,0,0,1,0
0.034282542714182365,-1.2129272798695991,-1.2741266179392476,1.019238567416358,-0.29241452756150016,1,0,0,0,0,0,1,0,0,0,0,1,0,0,0,0,1,0,1
-1.3370191658531034,-1.0622062758472817,-0.6297495367951738,-0.6747029602677523,1.3580720951929794,0,0,0,1,1,0,0,0,0,0,0,0,0,1,0,0,1,0,0
1.1008505382665157,-0.00715924769105999,0.1707852275422025,0.7167490089013383,0.8808229512639724,0,0,0,1,1,0,0,0,0,0,0,1,0,0,1,0,0,0,1
0.6437499687440872,0.1435617563312574,0.6123254447030828,2.168698889773433,-0.7100075284993805,0,0,1,0,0,1,0,0,0,0,0,0,1,0,0,0,0,1,1
0.3390162557291348,0.5957247683982095,0.37177602222862083,-0.49320922515874066,-0.3918414325467097,0,0,0,1,0,0,0,0,1,0,0,0,0,1,1,0,0,0,0
-0.42281802680824626,-0.7607642678026469,-0.7737759074668092,0.7772469206043425,1.3381867141959372,0,0,1,0,0,0,0,1,0,0,1,0,0,0,0,0,1,0,0
1.4055842512814682,1.8014928005767488,1.6083127958365513,-1.158686253891784,-2.201411103277523,0,1,0,0,1,0,0,0,0,0,0,0,1,0,1,0,0,0,0
0.034282542714182365,-0.45932225975801216,-0.04540267331945593,1.2007323025253702,0.5030007123201763,0,1,0,0,0,1,0,0,0,0,0,0,1,0,0,0,0,1,0
1.8626848208038969,1.952213804599066,-0.049061846389849964,-0.009225931534708631,-0.7895490524875479,1,0,0,0,0,0,0,1,0,0,1,0,0,0,1,0,0,0,0
-0.42281802680824626,-0.9114852718249643,-1.1502751474395145,-0.49320922515874066,0.10529309237933808,1,0,0,0,1,0,0,0,0,0,0,1,0,0,1,0,0,0,0
-0.11808431379329384,-0.30860125573569475,0.3188333920389558,0.6562510971983345,0.7416252842846798,0,0,1,0,0,0,0,0,1,0,1,0,0,0,0,1,0,0,1
1.1008505382665157,0.5957247683982095,0.40813699427046424,-0.25121757834672465,0.045636949388212916,0,0,1,0,0,0,1,0,0,0,0,0,1,0,0,0,0,1,1
1.253217394773992,1.3493297885097966,1.786821103730098,-0.9771925187827721,1.656352810148608,0,0,1,0,0,0,0,0,1,0,0,1,0,0,1,0,0,0,0
0.7961168252515634,0.2942827603535748,-0.05196281242763983,-0.009225931534708631,-1.5849642923692244,1,0,0,0,1,0,0,0,0,0,1,0,0,0,1,0,0,0,0
1.253217394773992,1.3493297885097966,1.4421006280804545,1.019238567416358,-1.0082882434550093,0,0,1,0,0,0,1,0,0,1,0,0,0,0,1,0,0,0,0
-1.032285452838151,-0.9114852718249643,-0.7556119042074658,-2.005657017733839,-0.1532168605822062,0,1,0,0,1,0,0,0,0,0,1,0,0,0,0,0,1,0,0
-0.42281802680824626,-0.15788025171337738,-0.049061846389849964,-0.009225931534708631,0.6620837602965125,1,0,0,0,0,1,0,0,0,1,0,0,0,0,0,1,0,0,0
0.3390162557291348,-0.15788025171337738,-0.049061846389849964,0.1722678035743031,1.4773843811752296,0,0,1,0,0,1,0,0,0,1,0,0,0,0,0,0,0,1,0
1.8626848208038969,1.3493297885097966,0.6134462724904107,0.5957531854953309,0.22460537836158984,0,0,1,0,0,0,0,1,0,0,0,0,0,1,0,0,1,0,0
1.253217394773992,1.5000507925321138,1.793381242838282,1.1402343908223667,-0.11344609858812323,1,0,0,0,0,0,0,1,0,0,0,0,0,1,0,0,0,1,0
0.9484836817590396,1.198608784487479,0.7921853390460545,0.7167490089013383,-1.0878297674431765,1,0,0,0,0,0,0,0,1,1,0,0,0,0,0,0,1,0,0
-0.7275517398231987,-0.9114852718249643,-1.1800430148500172,0.35376153868331484,-1.2866835774135956,0,1,0,0,0,0,0,1,0,0,0,1,0,0,1,0,0,0,1
1.7103179642964206,1.952213804599066,2.04527080527865,0.41425945038631856,1.4177282381841045,0,0,0,1,0,0,0,1,0,1,0,0,0,0,0,0,1,0,0
0.034282542714182365,0.8971667764428444,1.92168305896417,-0.31171549004972837,2.6307364790036614,0,0,1,0,1,0,0,0,0,1,0,0,0,0,0,1,0,0,0
-0.5751848833157225,-0.9114852718249643,-1.2305132308029296,0.8377448323073463,-0.3719560515496675,1,0,0,0,0,0,0,1,0,1,0,0,0,0,0,0,0,1,1
1.7103179642964206,1.0478877804651616,1.7625584786867647,0.2932636269803111,-0.23275838457037357,0,1,0,0,0,0,0,1,0,1,0,0,0,0,0,1,0,0,0
1.253217394773992,1.198608784487479,0.641829587928332,-1.3401799890007955,0.12517847337638027,0,0,1,0,0,0,1,0,0,0,1,0,0,0,1,0,0,0,0
0.49138311223661096,1.6507717965544313,1.4501112502075333,-0.9166946070797678,0.025751568391170723,0,0,1,0,0,0,0,1,0,0,1,0,0,0,0,0,1,0,0
1.4055842512814682,1.198608784487479,0.7837461651179385,-1.037690430485776,0.6819691412935532,1,0,0,0,1,0,0,0,0,0,0,0,0,1,1,0,0,0,0
0.6437499687440872,0.8971667764428444,0.4459154838080459,-1.158686253891784,2.51142419302141,1,0,0,0,0,1,0,0,0,0,0,0,1,0,1,0,0,0,0
-1.1846523093456274,-0.9114852718249643,-1.0359177476089116,-0.13022175494071664,0.44334456932905114,0,1,0,0,0,0,1,0,0,0,0,0,1,0,0,0,1,0,0
0.7961168252515634,0.5957247683982095,0.18238909169336195,0.8377448323073463,0.8808229512639724,1,0,0,0,0,0,0,1,0,1,0,0,0,0,1,0,0,0,1
0.3390162557291348,-0.00715924769105999,0.3439860862075202,-0.7352008719707561,0.025751568391170723,1,0,0,0,0,0,0,0,1,0,1,0,0,0,0,0,0,1,0
0.034282542714182365,-0.00715924769105999,-0.504942066123896,-0.7956987836737603,-1.54519353037514,0,0,1,0,0,0,0,0,1,0,1,0,0,0,0,0,1,0,0
-1.1846523093456274,-1.2129272798695991,-1.3530790458995514,-0.8561966953767641,-1.863359626327811,0,0,1,0,1,0,0,0,0,0,0,0,1,0,1,0,0,0,0
-1.4893860223605797,-1.2129272798695991,-0.6051572565202733,-0.1907196666437209,-0.45149757553783487,0,0,1,0,1,0,0,0,0,0,0,0,0,1,0,0,0,1,0
-1.4893860223605797,-1.2129272798695991,-0.6152117410830676,0.7772469206043425,0.5427714743142608,0,0,1,0,0,0,0,1,0,1,0,0,0,0,0,0,0,1,0
-1.3370191658531034,-1.2129272798695991,-0.46900964588308974,1.4427239493373862,-0.5708098615200866,1,0,0,0,1,0,0,0,0,0,0,0,1,0,0,1,0,0,0
1.5579511077889443,1.8014928005767488,1.2527136975451958,-0.9166946070797678,0.284261521352715,0,1,0,0,0,0,0,1,0,0,0,0,1,0,0,0,1,0,1
1.1008505382665157,1.5000507925321138,1.5669740297980457,0.23276571527730683,1.3183013331988949,0,0,1,0,1,0,0,0,0,0,1,0,0,0,0,0,1,0,1
-0.5751848833157225,-0.6100432637803296,-0.7692596307943409,-0.49320922515874066,-0.03390457459995445,0,0,1,0,1,0,0,0,0,1,0,0,0,0,1,0,0,0,0
-1.1846523093456274,-1.0622062758472817,-0.899901999064355,1.5637197727433938,1.3779574761900202,1,0,0,0,0,0,1,0,0,1,0,0,0,0,0,0,0,1,0
-1.1846523093456274,-1.2129272798695991,-1.1479675608185451,1.0797364791193618,-0.8690905764757153,0,1,0,0,0,0,0,1,0,0,1,0,0,0,0,0,1,0,1
-0.27045117030077004,-0.45932225975801216,-0.6830218222164058,0.23276571527730683,-0.014019193602913666,0,0,1,0,0,0,0,0,1,0,0,1,0,0,0,0,1,0,0
-1.4893860223605797,-1.2129272798695991,-1.1488576299437763,-1.3401799890007955,0.5825422363083437,1,0,0,0,0,1,0,0,0,0,1,0,0,0,1,0,0,0,0
2.776885959848754,2.705818824710653,2.6143216660096575,-0.1907196666437209,-0.133331479585164,1,0,0,0,1,0,0,0,0,0,0,0,0,1,0,0,1,0,1
-0.27045117030077004,-0.45932225975801216,-0.44214274451037683,0.5957531854953309,-0.1532168605822062,1,0,0,0,0,0,0,1,0,1,0,0,0,0,0,0,1,0,0
-1.032285452838151,-1.2129272798695991,-1.4627553414419023,-0.7956987836737603,-2.300838008262733,1,0,0,0,0,0,0,0,1,0,0,0,0,1,1,0,0,0,0
-1.3370191658531034,-1.2129272798695991,-0.6443862290767498,1.3822260376343816,-0.014019193602913666,0,1,0,0,1,0,0,0,0,0,0,0,1,0,0,1,0,0,0
0.6437499687440872,0.5957247683982095,0.9569470237832561,2.0477030663674256,-0.3520706705526253,1,0,0,0,0,0,0,1,0,0,1,0,0,0,0,1,0,0,1
-0.11808431379329384,0.1435617563312574,-0.049061846389849964,0.1722678035743031,0.24449075935863204,0,0,1,0,0,0,0,0,1,0,0,1,0,0,0,1,0,0,0
0.9484836817590396,1.5000507925321138,1.4629348387154908,-0.31171549004972837,1.2586451902077698,0,0,1,0,0,0,0,0,1,0,0,1,0,0,0,0,1,0,0
-0.5751848833157225,-0.6100432637803296,-0.3506634177505259,-0.6142050485647481,0.4632299503260933,1,0,0,0,1,0,0,0,0,0,0,0,1,0,0,0,0,1,0
-0.27045117030077004,-0.15788025171337738,-0.0145139781216252,1.2007323025253702,-0.4117268135437519,1,0,0,0,0,0,0,1,0,0,1,0,0,0,0,0,1,0,0
0.034282542714182365,0.2942827603535748,0.05079072325180349,0.41425945038631856,0.6421983792994702,1,0,0,0,0,0,0,1,0,0,1,0,0,0,1,0,0,0,1
-1.032285452838151,-0.6100432637803296,-0.8012361882563428,0.35376153868331484,0.7416252842846798,0,0,0,1,0,0,1,0,0,0,0,0,0,1,1,0,0,0,0
0.18664939922165857,-0.30860125573569475,-0.6866150642404865,1.6847155961494011,0.7217399032876376,0,0,1,0,0,0,1,0,0,0,0,1,0,0,0,0,1,0,0
0.49138311223661096,0.2942827603535748,0.7110571865574083,0.8377448323073463,2.392111907039158,0,0,1,0,0,0,0,0,1,1,0,0,0,0,0,0,0,1,1
0.3390162557291348,0.2942827603535748,0.30864704538353455,0.5352552737923265,-1.1673712914313439,1,0,0,0,0,0,0,1,0,1,0,0,0,0,0,0,1,0,1
-1.4893860223605797,-1.2129272798695991,-1.3327393181118656,-0.8561966953767641,0.8808229512639724,1,0,0,0,0,0,0,1,0,0,0,1,0,0,1,0,0,0,0
0.18664939922165857,0.1435617563312574,-0.2942264421062503,0.0512719801682951,0.36380304534088376,0,0,1,0,0,0,1,0,0,0,0,0,0,1,1,0,0,0,0
2.167418533818849,1.8014928005767488,-0.049061846389849964,-0.25121757834672465,0.3439176643438416,1,0,0,0,0,0,1,0,0,0,0,0,1,0,0,0,1,0,1
-0.11808431379329384,-0.15788025171337738,0.013869337316296103,-0.49320922515874066,1.457499000178189,1,0,0,0,0,0,0,0,1,1,0,0,0,0,0,0,1,0,1
1.1008505382665157,1.3493297885097966,1.6693649447227652,-0.0697238432377129,0.38368842633792455,0,0,1,0,1,0,0,0,0,0,0,1,0,0,0,0,0,1,1
1.253217394773992,1.0478877804651616,1.274339080735993,-0.9166946070797678,0.22460537836158984,1,0,0,0,0,0,0,1,0,0,0,0,0,1,0,0,1,0,1
0.3390162557291348,-0.15788025171337738,0.22491461656550885,-0.31171549004972837,-1.306568958410638,1,0,0,0,0,0,0,1,0,0,0,1,0,0,0,0,0,1,1
0.6437499687440872,0.1435617563312574,0.1742136419504996,1.6242176844463976,0.5825422363083437,1,0,0,0,0,0,0,0,1,0,0,1,0,0,0,0,1,0,1
-1.032285452838151,-0.30860125573569475,0.0006831280536148935,-0.6142050485647481,-1.1872566724283862,0,1,0,0,0,0,1,0,0,0,0,1,0,0,0,1,0,0,0
-0.5751848833157225,-0.45932225975801216,-0.9629980103862845,0.35376153868331484,-1.8235888643337266,0,0,0,1,1,0,0,0,0,1,0,0,0,0,0,0,1,0,0
-0.5751848833157225,-1.2129272798695991,-1.077520237832671,-2.913125693278898,-1.8434742453307686,0,1,0,0,0,0,0,0,1,0,0,0,1,0,1,0,0,0,1
0.6437499687440872,0.4450037643758922,0.3736880225717096,-0.25121757834672465,1.8154358581249428,1,0,0,0,0,0,0,0,1,0,1,0,0,0,0,0,1,0,0
0.3390162557291348,1.3493297885097966,1.6705187380332498,0.7167490089013383,0.3041469023497572,1,0,0,0,0,0,0,1,0,0,1,0,0,0,0,0,1,0,0
-1.4893860223605797,-0.9114852718249643,-0.695647617585423,0.11176989187129883,-0.21287300357333278,0,1,0,0,1,0,0,0,0,0,0,0,1,0,1,0,0,0,0
0.18664939922165857,-0.30860125573569475,-0.7939178421155547,-0.6747029602677523,1.2188744282136854,0,0,1,0,0,0,0,0,1,0,1,0,0,0,0,0,1,0,0
0.034282542714182365,-0.30860125573569475,-0.4456041244418306,-0.009225931534708631,-1.02817362445205,0,1,0,0,0,1,0,0,0,0,1,0,0,0,0,0,1,0,0
0.3390162557291348,-0.00715924769105999,-0.45321916029102904,-0.4327113134557364,-1.1872566724283862,1,0,0,0,0,0,0,1,0,0,0,1,0,0,1,0,0,0,0
-0.7275517398231987,-0.45932225975801216,-0.03732612014606369,-0.5537071368617443,-0.03390457459995445,1,0,0,0,0,0,0,1,0,0,0,0,0,1,0,0,0,1,0
0.18664939922165857,0.1435617563312574,-0.09719151019863638,-0.009225931534708631,0.045636949388212916,0,1,0,0,0,0,1,0,0,0,0,1,0,0,0,0,1,0,0
0.18664939922165857,0.1435617563312574,-0.3831674235830351,0.8377448323073463,0.18483461636750545,0,0,1,0,0,0,0,0,1,0,1,0,0,0,0,0,1,0,0
-1.4893860223605797,-1.2129272798695991,-1.2151842625350626,-0.9166946070797678,-1.3264543394076787,0,1,0,0,1,0,0,0,0,0,1,0,0,0,1,0,0,0,0
-0.11808431379329384,-0.6100432637803296,-1.0005127757386125,0.7167490089013383,0.6421983792994702,0,0,1,0,1,0,0,0,0,1,0,0,0,0,1,0,0,0,0
0.7961168252515634,1.5000507925321138,1.8296103527874985,-2.126652841139847,2.4318826690332425,1,0,0,0,0,0,0,0,1,0,0,0,0,1,0,0,1,0,0
-0.42281802680824626,-0.6100432637803296,-0.01507439201528915,-1.6426695475158153,-0.988402862457967,0,0,0,1,0,1,0,0,0,0,1,0,0,0,0,1,0,0,1
-1.1846523093456274,-1.2129272798695991,-0.8971658606423486,2.168698889773433,0.14506385437342248,0,1,0,0,0,1,0,0,0,1,0,0,0,0,0,0,1,0,0
0.034282542714182365,-0.30860125573569475,-0.7746989421151969,-0.1907196666437209,-0.07367533659403884,1,0,0,0,1,0,0,0,0,0,0,1,0,0,1,0,0,0,0
-0.42281802680824626,-0.15788025171337738,-0.41431984296611946,0.11176989187129883,0.5030007123201763,1,0,0,0,0,0,1,0,0,0,0,1,0,0,1,0,0,0,1
2.3197853903263255,2.5550978206883355,2.7022077507454276,-0.009225931534708631,-0.014019193602913666,0,0,1,0,0,0,0,1,0,0,0,0,1,0,0,0,1,0,0
1.8626848208038969,1.0478877804651616,0.3425026376654685,2.168698889773433,-1.7440473403455592,0,0,1,0,0,1,0,0,0,0,0,0,1,0,1,0,0,0,1
0.18664939922165857,-0.00715924769105999,-0.3142035491392124,0.6562510971983345,-0.29241452756150016,1,0,0,0,0,0,0,1,0,0,0,0,0,1,1,0,0,0,0
0.034282542714182365,0.7464457724205269,0.3147786326906813,-0.13022175494071664,-0.03390457459995445,0,0,1,0,0,0,1,0,0,0,0,0,0,1,0,0,1,0,0
0.034282542714182365,0.1435617563312574,0.13449018654667247,-0.009225931534708631,1.119447523228476,1,0,0,0,0,0,0,1,0,0,0,1,0,0,0,0,1,0,1
-1.032285452838151,-1.2129272798695991,-0.7487880409140283,-0.5537071368617443,-0.03390457459995445,1,0,0,0,0,0,1,0,0,0,0,1,0,0,0,0,0,1,0
-1.4893860223605797,-1.2129272798695991,-1.5940899856982071,-1.0981883421887801,-1.02817362445205,0,0,1,0,0,0,1,0,0,0,0,0,1,0,1,0,0,0,1
0.034282542714182365,-0.30860125573569475,-0.6749452690430136,1.2007323025253702,-0.21287300357333278,1,0,0,0,1,0,0,0,0,1,0,0,0,0,1,0,0,0,0
